ID,gender,agedichotomy,age,income,domlanguagepercent,nondomlanguagepercent,category20,category25,accuprptINTER,ACCUPRPTSOLO,accuprpt,accuinhINTER,ACCUINHSOLO,accuinh,Accudiff,RTPRPTINTER,RTPRPTSOLO,RTprpt,RTINHINTER,RTINTERSOLO,RTinh,RTdiff,EEFQIC,EEFQICINTER,EEFQWM,EEFQWMinter,EEFQFX,EEFQFXINTER,EEFQRG,EEFQRGINTER,EEFQCEF,EEFQCEFINTER,L1Vocab,B1RT,B2RT,RTavgdiff,Zaccuprpt,Zaccuinh,ZRTprpt,ZRTinh,ZEEFQIC,ZEEFQWM,ZEEFQFX,ZEEFQRG,ZEEFQCEF,MAH_1,mah_p,ZSco01,ZSco02,ZSco03,ZSco04,ZSco05,ZSco06,ZSco07,ZSco08,ZSco09,Zgender,Zage,Zincome,Zdomlanguagepercent,Znondomlanguagepercent,Zcategory20,Zcategory25,PRE_1,RES_1,ZPR_1,ZRE_1,PRE_2,RES_2,ZPR_2,ZRE_2,PRE_3,RES_3,ZPR_3,ZRE_3,PRE_4,RES_4,ZPR_4,ZRE_4,PRE_5,RES_5,ZPR_5,ZRE_5,PRE_6,RES_6,ZPR_6,ZRE_6,PRE_7,RES_7,ZPR_7,ZRE_7,PRE_8,RES_8,ZPR_8,ZRE_8,PRE_9,RES_9,ZPR_9,ZRE_9,StdZ01,StdZ02,StdZ03,StdZ04,StdZ05,StdZ06,StdZ07,StdZ08,StdZ09,StdZ10,StdZ11,StdZ12,StdZ13,StdZ14,StdZ15,StdZ16,ZL1Vocab,ZL2Vocab,ZTotalvocabBIL,ZzZz01,ZzZz02,ZzZz03,ZzZz04,ZzZz05,ZzZz06,ZzZz07,ZzZz08,ZzZz09,ZzZz10,ZzZz11,ZzZz12,ZzZz13,ZzZz14,ZzZz15,ZqZq01,ZqZq02,ZqZq03,ZqZq04,ZqZq05,ZqZq06,ZqZq07,ZqZq08,ZqZq09,ZqZq10,ZqZq11,ZqZq12,ZqZq13,ZqZq14,ZqZq15,ZAccudiff,ZRTdiff,COO_1,COO_2,COO_3,COO_4,COO_5,COO_6,COO_7,COO_8,COO_9,COO_10,COO_11,COO_12,COO_13,COO_14,COO_15,COO_16,COO_17,COO_18,COO_19,COO_20,COO_21,COO_22,COO_23,SEP_1,SEP_2,ZRE_10,ZRE_11,COO_24,COO_25
101,1,2.00,23.13,6,99,1,1,1,1.0000,1.0000,1.0000,.8750,.8750,.8750,.13,1735.0000,1735.00,1735.00,2021.0000,2021.00,2021.00,-286.00,3.57142857,3.57142857,4.00000000,4.00000000,4.75000000,4.75000000,6.37500000,6.37500000,4.15000000,4.15000000,264.00,2482.33,1786.75,-695.58,1.11587,1.05683,.01599,.00337,-1.50783,-2.98810,.07326,1.54546,-1.80649,27.11292,.00134,1.11587,1.05683,.01599,.00337,-1.50783,-2.98810,.07326,1.54546,-1.80649,-.94148,1.10006,.02891,1.27570,-1.27570,-1.02526,-.83808,.91832,.08168,.89009,.86578,.72336,.15164,1.45607,.55100,1632.04019,102.95981,-1.40889,.20666,1830.42869,190.57131,-1.23139,.23446,4.70926,-1.13783,-.65597,-1.40895,5.63233,-1.63233,.05765,-3.02942,4.64524,.10476,-.32432,.15660,4.77165,1.60335,.56654,1.44103,4.97344,-.82344,-.32302,-1.77374,1.11587,1.05683,.01599,.00337,-1.50783,-2.98810,.07326,1.54546,-1.80649,-.94148,1.10006,.02891,1.27570,-1.27570,-1.02526,-.83808,1.34032,,,1.11587,1.05683,.01599,.00337,-1.50783,-2.98810,.07326,1.54546,-1.80649,-.94148,1.10006,.02891,-1.27570,-.83808,1.34032,1.11587,1.05683,.01599,.00337,-1.50783,-2.98810,.07326,1.54546,-1.80649,-.94148,1.10006,.02891,-1.27570,-.83808,1.34032,-.67314,.00694,.00036,.01148,.01148,.02112,.00110,.00036,.01148,.02112,.00110,.00253,.01749,.00159,.00032,.01718,.00696,.00101,.00131,.01718,.01718,.01718,.00696,.00101,.00131,.02,.05,.92,.85,.02,.01
102,1,2.00,20.33,6,47,53,2,2,.9583,.9583,.9583,.3750,.3750,.3750,.58,2274.0000,2274.50,2274.50,3812.0000,3812.00,3812.00,-1537.50,5.75000000,5.75000000,5.71428571,5.71428571,5.75000000,5.75000000,3.75000000,3.75000000,5.73913044,5.73913044,999.00,4196.00,3674.00,-522.00,.72899,-.60551,1.13291,2.24218,1.24543,.19566,1.55523,-.74539,1.57631,12.83846,.17005,.72899,-.60551,1.13291,2.24218,1.24543,.19566,1.55523,-.74539,1.57631,-.94148,.04346,.02891,-1.57543,1.57543,.95911,1.17331,.88435,.07395,-.06671,.78380,.45957,-.08457,-.61594,-.30730,1800.15843,474.34157,.70727,.95208,2114.31139,1697.68861,.36758,2.08866,4.92597,.82403,1.32748,1.02037,5.62226,.09203,-.03785,.17080,4.82713,.92287,.53934,1.37947,4.63411,-.88411,-.44366,-.79461,5.10082,.63831,.68934,1.37495,.72899,-.60551,1.13291,2.24218,1.24543,.19566,1.55523,-.74539,1.57631,-.94148,.04346,.02891,-1.57543,1.57543,.95911,1.17331,,,,.72899,-.60551,1.13291,2.24218,1.24543,.19566,1.55523,-.74539,1.57631,-.94148,.04346,.02891,1.57543,1.17331,,.72899,-.60551,1.13291,2.24218,1.24543,.19566,1.55523,-.74539,1.57631,-.94148,.04346,.02891,1.57543,1.17331,,.88811,-1.72009,,,,,,,,,,,,.00720,.05571,.01245,.00191,.01942,.09348,.01245,.01245,.01245,.00191,.01942,.09348,.02,.05,.53,-.84,.01,.01
104,1,2.00,20.96,7,94,6,1,1,.8333,.8333,.8333,.8750,.8750,.8750,-.04,3620.0000,3620.00,3620.00,3185.0000,3005.00,3005.00,615.00,4.87500000,4.87500000,6.00000000,6.00000000,4.87500000,4.87500000,4.87500000,4.87500000,5.21739130,5.21739130,48.00,3524.00,2769.00,-755.00,-.43072,1.05683,3.91850,1.23340,.13961,.72628,.25851,.23640,.46568,17.93548,.03593,-.43072,1.05683,3.91850,1.23340,.13961,.72628,.25851,.23640,.46568,-.94148,.28119,.83843,1.00155,-1.00155,-1.02526,-.83808,.87561,-.04231,-.31302,-.44846,.59001,.28499,.40866,1.03554,1727.80470,1892.19530,-.20347,3.79793,2002.81030,1002.18970,-.26045,1.23299,4.67120,.20380,-1.00432,.25236,5.54012,.45988,-.81612,.85348,4.47623,.39877,-1.12681,.59607,4.63238,.24262,-.45640,.21806,4.87017,.34722,-1.14369,.74794,-.43072,1.05683,3.91850,1.23340,.13961,.72628,.25851,.23640,.46568,-.94148,.28119,.83843,1.00155,-1.00155,-1.02526,-.83808,-.66737,,,-.43072,1.05683,3.91850,1.23340,.13961,.72628,.25851,.23640,.46568,-.94148,.28119,.83843,-1.00155,-.83808,-.66737,-.43072,1.05683,3.91850,1.23340,.13961,.72628,.25851,.23640,.46568,-.94148,.28119,.83843,-1.00155,-.83808,-.66737,-1.24102,1.25029,.08284,.06137,.06137,.01250,.04705,.08284,.06137,.01250,.04705,.32545,.03214,.02271,.02187,.00302,.01608,.22923,.02416,.00302,.00302,.00302,.01608,.22923,.02416,.02,.05,-.65,.85,.01,.01
107,2,1.00,17.63,7,55,45,2,2,.9000,.9000,.9000,.5000,.5714,.5714,.33,2063.0000,2063.00,2063.00,1306.0000,1306.00,1306.00,757.00,4.62500000,4.62500000,6.00000000,6.00000000,4.50000000,4.50000000,1.62500000,1.62500000,5.00000000,5.00000000,999.00,1306.00,1877.50,571.50,.18810,.04745,.69504,-.89041,-.17633,.72628,-.29723,-2.59988,.00292,9.68724,.37639,.18810,.04745,.69504,-.89041,-.17633,.72628,-.29723,-2.59988,.00292,.82380,-.97540,.83843,-1.13680,1.13680,.95911,1.17331,.83686,.06314,-1.40455,.66924,.33607,.23533,-1.58601,.85512,1884.30313,178.69687,1.76643,.35867,2294.97002,-988.97002,1.38514,-1.21673,4.81258,-.18758,.28971,-.23228,5.52914,.47086,-.92014,.87385,4.59724,-.09724,-.55221,-.14535,4.51562,-2.89062,-1.31394,-2.59798,4.95013,.04987,-.50826,.10743,.18810,.04745,.69504,-.89041,-.17633,.72628,-.29723,-2.59988,.00292,.82380,-.97540,.83843,-1.13680,1.13680,.95911,1.17331,,,,.18810,.04745,.69504,-.89041,-.17633,.72628,-.29723,-2.59988,.00292,.82380,-.97540,.83843,1.13680,1.17331,,.18810,.04745,.69504,-.89041,-.17633,.72628,-.29723,-2.59988,.00292,.82380,-.97540,.83843,1.13680,1.17331,,.02045,1.44625,,,,,,,,,,,,.01095,.06795,.01170,.01910,.00369,.04247,.01170,.01170,.01170,.01910,.00369,.04247,.02,.06,.42,.30,.00,.00
108,2,1.00,18.36,5,65,35,2,2,,,999.0000,,,999.0000,999.00,,,999.00,,,999.00,999.00,4.25000000,4.25000000,5.42857143,5.42857143,4.12500000,4.12500000,4.25000000,4.25000000,4.56521739,4.56521739,999.00,1645.50,2776.33,1130.83,,,,,-.65026,-.33497,-.85297,-.30904,-.92261,,,,,,,-.65026,-.33497,-.85297,-.30904,-.92261,.82380,-.69993,-.78061,-.58850,.58850,.95911,1.17331,.88332,,-.09580,,.43810,,-.78454,,1782.02548,,.47903,,2182.79554,,.75332,,4.82664,-.57664,.41832,-.71403,5.70353,-.27496,.73230,-.51029,4.89005,-.76505,.83809,-1.14357,4.75425,-.50425,.43878,-.45321,5.11093,-.54571,.76961,-1.17549,,,,,-.65026,-.33497,-.85297,-.30904,-.92261,.82380,-.69993,-.78061,-.58850,.58850,.95911,1.17331,,,,,,,,-.65026,-.33497,-.85297,-.30904,-.92261,.82380,-.69993,-.78061,.58850,1.17331,,,,,,-.65026,-.33497,-.85297,-.30904,-.92261,.82380,-.69993,-.78061,.58850,1.17331,,,,,,,,,,,,,,,,,,,,,,,,,,,,,,,,
110,2,2.00,23.66,7,50,50,2,2,.6957,.6957,.6957,.1250,.1250,.1250,.57,1635.0000,1635.00,1635.00,735.0000,735.00,735.00,900.00,4.50000000,4.50000000,6.57142857,6.57142857,4.25000000,4.25000000,6.25000000,6.25000000,5.04347826,5.04347826,406.00,999.00,999.00,999.00,-1.70733,-1.43668,-.19104,-1.60418,-.33431,1.78753,-.66772,1.43637,.09547,13.05922,.15995,-1.70733,-1.43668,-.19104,-1.60418,-.33431,1.78753,-.66772,1.43637,.09547,.82380,1.30005,.83843,-1.41094,1.41094,.95911,1.17331,.90158,-.20588,.41847,-2.18218,.59802,-.47302,.47157,-1.71881,1744.73012,-109.73012,.00958,-.22025,1916.41320,-1181.41320,-.74708,-1.45349,4.94173,-.44173,1.47171,-.54698,5.54569,1.02574,-.76339,1.90365,4.69363,-.44363,-.09457,-.66311,4.57205,1.67795,-.89952,1.50808,5.04218,.00130,.22331,.00279,-1.70733,-1.43668,-.19104,-1.60418,-.33431,1.78753,-.66772,1.43637,.09547,.82380,1.30005,.83843,-1.41094,1.41094,.95911,1.17331,1.08006,1.49281,1.34746,-1.70733,-1.43668,-.19104,-1.60418,-.33431,1.78753,-.66772,1.43637,.09547,.82380,1.30005,.83843,1.41094,1.17331,1.08006,-1.70733,-1.43668,-.19104,-1.60418,-.33431,1.78753,-.66772,1.43637,.09547,.82380,1.30005,.83843,1.41094,1.17331,1.08006,.84518,1.64359,.07304,.15723,.15723,.30875,.18562,.07304,.15723,.30875,.18562,.00006,.12448,.02632,.06114,.12425,.07708,.00149,.06473,.12425,.12425,.12425,.07708,.00149,.06473,.02,.05,-1.94,-1.68,.07,.05
111,2,2.00,21.30,7,55,45,2,2,1.0000,1.0000,1.0000,.0000,.0000,.0000,1.00,,,999.00,,,999.00,999.00,4.75000000,4.75000000,5.57142857,5.57142857,5.50000000,5.50000000,5.12500000,5.12500000,5.26086957,5.26086957,999.00,999.00,999.00,999.00,1.11587,-1.85227,,,-.01836,-.06966,1.18474,.45458,.55823,,,1.11587,-1.85227,,,-.01836,-.06966,1.18474,.45458,.55823,.82380,.40949,.83843,-1.13680,1.13680,.95911,1.17331,.87647,.12353,-.28884,1.30938,.50346,-.50346,-.27117,-1.82942,1793.56836,,.62432,,2058.51554,,.05331,,4.87569,-.12569,.86724,-.15563,5.53935,.03208,-.82347,.05954,4.64321,.85679,-.33397,1.28070,4.55620,.56880,-1.01590,.51122,4.99662,.26425,-.13875,.56920,1.11587,-1.85227,,,-.01836,-.06966,1.18474,.45458,.55823,.82380,.40949,.83843,-1.13680,1.13680,.95911,1.17331,,,,1.11587,-1.85227,,,-.01836,-.06966,1.18474,.45458,.55823,.82380,.40949,.83843,1.13680,1.17331,,1.11587,-1.85227,,,-.01836,-.06966,1.18474,.45458,.55823,.82380,.40949,.83843,1.13680,1.17331,,2.30764,,,,,,,,,,,,,.08754,,.02701,.05273,,,.02701,.02701,.02701,.05273,,,.02,.05,.92,-2.11,.02,.08
112,3,2.00,23.00,7,65,35,2,2,.8696,.8696,.8696,.2500,.2500,.2500,.62,1510.0000,1510.00,1510.00,1614.0000,1614.00,1614.00,-104.00,3.87500000,3.87500000,5.14285714,5.14285714,4.75000000,4.75000000,4.50000000,4.50000000,4.56521739,4.56521739,188.00,1313.00,1915.00,602.00,-.09394,-1.02110,-.44983,-.50540,-1.12418,-.86559,.07326,-.09086,-.92261,4.60692,.86714,-.09394,-1.02110,-.44983,-.50540,-1.12418,-.86559,.07326,-.09086,-.92261,2.58907,1.05100,.83843,-.58850,.58850,.95911,1.17331,.89553,-.02593,.24828,-.27490,.60717,-.35717,.54343,-1.29785,1732.52078,-222.52078,-.14411,-.44663,1929.08593,-315.08593,-.67570,-.38765,4.85398,-.97898,.66860,-1.21225,5.54451,-.40166,-.77450,-.74543,4.62277,.12723,-.43098,.19017,4.59549,-.09549,-.72730,-.08583,4.98684,-.42162,-.21649,-.90821,-.09394,-1.02110,-.44983,-.50540,-1.12418,-.86559,.07326,-.09086,-.92261,2.58907,1.05100,.83843,-.58850,.58850,.95911,1.17331,.31788,-.45066,-.07603,-.09394,-1.02110,-.44983,-.50540,-1.12418,-.86559,.07326,-.09086,-.92261,2.58907,1.05100,.83843,.58850,1.17331,.31788,-.09394,-1.02110,-.44983,-.50540,-1.12418,-.86559,.07326,-.09086,-.92261,2.58907,1.05100,.83843,.58850,1.17331,.31788,1.01177,.25809,.02431,.00171,.00171,.00489,.02637,.02431,.00171,.00489,.02637,.00252,.00531,.02195,.00024,.00107,.02384,.00322,.00243,.00107,.00107,.00107,.02384,.00322,.00243,.02,.05,-.30,-1.26,.00,.03
114,1,2.00,21.03,6,93,7,1,1,.9583,.9583,.9583,.6250,.6250,.6250,.33,1357.0000,1357.00,1357.00,1458.0000,1458.00,1458.00,-101.00,4.00000000,4.00000000,5.57142857,5.57142857,5.62500000,5.62500000,3.75000000,3.75000000,5.04347826,5.04347826,999.00,1451.00,1460.67,9.67,.72899,.22566,-.76659,-.70040,-.96621,-.06966,1.36998,-.74539,.09547,6.59475,.67923,.72899,.22566,-.76659,-.70040,-.96621,-.06966,1.36998,-.74539,.09547,-.94148,.30761,.02891,.94672,-.94672,-1.02526,-.83808,.89522,.06308,.23949,.66858,.61188,.01312,.58038,.04769,1695.36998,-338.36998,-.61174,-.67916,1977.66979,-519.66979,-.40205,-.63935,4.70371,-.70371,-.70674,-.87139,5.62623,-.05480,-.00017,-.10171,4.64397,.98103,-.33034,1.46641,4.73613,-.98613,.30568,-.88630,4.96562,.07786,-.38512,.16771,.72899,.22566,-.76659,-.70040,-.96621,-.06966,1.36998,-.74539,.09547,-.94148,.30761,.02891,.94672,-.94672,-1.02526,-.83808,,,,.72899,.22566,-.76659,-.70040,-.96621,-.06966,1.36998,-.74539,.09547,-.94148,.30761,.02891,-.94672,-.83808,,.72899,.22566,-.76659,-.70040,-.96621,-.06966,1.36998,-.74539,.09547,-.94148,.30761,.02891,-.94672,-.83808,,.03646,.26223,,,,,,,,,,,,.00037,.00065,.00467,.00002,.00522,.00462,.00467,.00467,.00467,.00002,.00522,.00462,.02,.05,.53,.01,.01,.00
115,3,1.00,19.83,5,98,2,1,1,1.0000,1.0000,1.0000,.8750,.8750,.8750,.13,1584.0000,1584.00,1584.00,1811.0000,1811.00,1811.00,-227.00,5.87500000,5.87500000,5.85714286,5.85714286,5.87500000,5.87500000,5.37500000,5.37500000,5.86956522,5.86956522,446.00,1763.67,1925.25,161.58,1.11587,1.05683,-.29663,-.25914,1.40341,.46097,1.74048,.67275,1.85397,5.10114,.82540,1.11587,1.05683,-.29663,-.25914,1.40341,.46097,1.74048,.67275,1.85397,2.58907,-.14522,-.78061,1.22087,-1.22087,-1.02526,-.83808,.90156,.09844,.41809,1.04338,.59151,.28349,.42042,1.03011,1682.92323,-98.92323,-.76841,-.19855,2022.41396,-211.41396,-.15003,-.26010,4.68383,1.19117,-.88871,1.47499,5.70907,.14807,.78482,.27480,4.77077,1.10423,.27174,1.65055,4.83815,.53685,1.05495,.48250,5.02619,.84337,.09625,1.81667,1.11587,1.05683,-.29663,-.25914,1.40341,.46097,1.74048,.67275,1.85397,2.58907,-.14522,-.78061,1.22087,-1.22087,-1.02526,-.83808,3.03199,,,1.11587,1.05683,-.29663,-.25914,1.40341,.46097,1.74048,.67275,1.85397,2.58907,-.14522,-.78061,-1.22087,-.83808,3.03199,1.11587,1.05683,-.29663,-.25914,1.40341,.46097,1.74048,.67275,1.85397,2.58907,-.14522,-.78061,-1.22087,-.83808,3.03199,-.67314,.08836,.15304,.02585,.02585,.21585,.03510,.15304,.02585,.21585,.03510,.03054,.07218,.00804,.00047,.01807,.01761,.00084,.00145,.01807,.01807,.01807,.01761,.00084,.00145,.02,.06,1.37,1.32,.04,.04
116,1,2.00,24.96,7,47,53,2,2,.7916,.7917,.7917,1.0000,1.0000,1.0000,-.21,1764.0000,1746.00,1746.00,1536.5000,1536.50,1536.50,209.50,5.37500000,5.37500000,4.57142857,4.57142857,5.62500000,5.62500000,5.12500000,5.12500000,5.21739130,5.21739130,999.00,1723.75,1439.75,-284.00,-.81667,1.47241,.03876,-.60228,.77151,-1.92685,1.36998,.45458,.46568,10.39455,.31950,-.81667,1.47241,.03876,-.60228,.77151,-1.92685,1.36998,.45458,.46568,-.94148,1.79062,.83843,-1.57543,1.57543,.95911,1.17331,.91539,-.12369,.80759,-1.31105,.64947,.35053,.87565,1.27372,1718.29509,27.70491,-.32317,.05561,1838.62557,-302.12557,-1.18522,-.37170,4.97936,.39564,1.81614,.48991,5.54917,-.97774,-.73040,-1.81457,4.72242,.90258,.04217,1.34913,4.58027,.54473,-.83911,.48958,5.06805,.14934,.42887,.32169,-.81667,1.47241,.03876,-.60228,.77151,-1.92685,1.36998,.45458,.46568,-.94148,1.79062,.83843,-1.57543,1.57543,.95911,1.17331,,,,-.81667,1.47241,.03876,-.60228,.77151,-1.92685,1.36998,.45458,.46568,-.94148,1.79062,.83843,1.57543,1.17331,,-.81667,1.47241,.03876,-.60228,.77151,-1.92685,1.36998,.45458,.46568,-.94148,1.79062,.83843,1.57543,1.17331,,-1.80856,.69072,,,,,,,,,,,,.12036,.00838,.06508,.06143,.00014,.00613,.06508,.06508,.06508,.06143,.00014,.00613,.02,.05,-1.04,1.28,.02,.03
117,1,1.00,19.93,2,92,8,1,1,.8235,.8235,.8235,.7100,.6667,.6667,.16,1550.0000,1550.00,1550.00,1654.0000,1654.00,1654.00,-104.00,3.50000000,3.50000000,6.28571429,6.28571429,5.37500000,5.37500000,4.50000000,4.50000000,5.00000000,5.00000000,999.00,757.00,1766.00,1009.00,-.52164,.36429,-.36702,-.45540,-1.59810,1.25691,.99949,-.09086,.00292,8.82431,.45365,-.52164,.36429,-.36702,-.45540,-1.59810,1.25691,.99949,-.09086,.00292,-.94148,-.10748,-3.20916,.89189,-.89189,-1.02526,-.83808,.95900,-.13550,2.03609,-1.43623,.64423,.02247,.83448,.08166,1594.04398,-44.04398,-1.88716,-.08840,1960.04970,-306.04970,-.50130,-.37653,4.79476,-1.29476,.12659,-1.60327,5.96696,.31875,3.22850,.59156,5.28514,.08986,2.71405,.13431,5.14205,-.64205,3.28708,-.57705,5.32056,-.32056,2.43556,-.69050,-.52164,.36429,-.36702,-.45540,-1.59810,1.25691,.99949,-.09086,.00292,-.94148,-.10748,-3.20916,.89189,-.89189,-1.02526,-.83808,,,,-.52164,.36429,-.36702,-.45540,-1.59810,1.25691,.99949,-.09086,.00292,-.94148,-.10748,-3.20916,-.89189,-.83808,,-.52164,.36429,-.36702,-.45540,-1.59810,1.25691,.99949,-.09086,.00292,-.94148,-.10748,-3.20916,-.89189,-.83808,,-.56481,.25809,,,,,,,,,,,,.03657,.02110,.21384,.00069,.00138,.02508,.21384,.21384,.21384,.00069,.00138,.02508,.02,.06,-.30,.62,.00,.01
119,1,2.00,21.83,5,85,15,1,1,.9583,.9583,.9583,1.0000,1.0000,1.0000,-.04,2319.5000,2319.50,2319.50,2463.0000,2463.00,2463.00,-143.50,4.75000000,4.75000000,5.28571429,5.28571429,3.87500000,3.87500000,5.12500000,5.12500000,4.60869565,4.60869565,69.00,2030.67,2565.67,535.00,.72899,1.47241,1.22608,.55588,-.01836,-.60028,-1.22346,.45458,-.83006,7.55417,.57962,.72899,1.47241,1.22608,.55588,-.01836,-.60028,-1.22346,.45458,-.83006,-.94148,.60949,-.78061,.50809,-.50809,-1.02526,-.83808,.92221,.03609,.99971,.38254,.64872,.35128,.86974,1.27646,1658.19968,661.30032,-1.07961,1.32733,1919.42629,543.57371,-.73011,.66876,4.78443,-.03443,.03204,-.04264,5.71406,-.42835,.83207,-.79496,4.85006,-.97506,.64822,-1.45748,4.83361,.29139,1.02166,.26189,5.09225,-.48355,.62118,-1.04160,.72899,1.47241,1.22608,.55588,-.01836,-.60028,-1.22346,.45458,-.83006,-.94148,.60949,-.78061,.50809,-.50809,-1.02526,-.83808,-.47218,,,.72899,1.47241,1.22608,.55588,-.01836,-.60028,-1.22346,.45458,-.83006,-.94148,.60949,-.78061,-.50809,-.83808,-.47218,.72899,1.47241,1.22608,.55588,-.01836,-.60028,-1.22346,.45458,-.83006,-.94148,.60949,-.78061,-.50809,-.83808,-.47218,-1.24102,.20359,.05514,.00167,.00167,.00598,.05519,.05514,.00167,.00598,.05519,.01597,.00274,.01760,.00036,.00183,.02042,.02625,.00666,.00183,.00183,.00183,.02042,.02625,.00666,.02,.05,.53,1.28,.01,.03
120,2,2.00,23.96,7,75,25,2,2,9545.0000,.9545,.9545,.7500,.7500,.7500,.20,1356.5000,1326.00,1326.00,1446.5000,1446.50,1446.50,-120.50,6.12500000,6.12500000,5.71428571,5.71428571,4.87500000,4.87500000,4.00000000,4.00000000,5.56521739,5.56521739,182.00,1713.33,1347.67,-365.66,.69374,.64124,-.83077,-.71478,1.71936,.19566,.25851,-.52721,1.20610,4.73834,.85650,.69374,.64124,-.83077,-.71478,1.71936,.19566,.25851,-.52721,1.20610,.82380,1.41326,.83843,-.04021,.04021,.95911,1.17331,.90662,.04788,.56043,.50755,.67713,.07287,1.09292,.26479,1689.76849,-363.76849,-.68225,-.73014,1847.33379,-400.83379,-1.13617,-.49314,4.81955,1.30545,.35350,1.61650,5.54762,.16666,-.74503,.30930,4.59307,.28193,-.57200,.42141,4.62660,-.62660,-.49880,-.56317,4.96768,.59753,-.36873,1.28712,.69374,.64124,-.83077,-.71478,1.71936,.19566,.25851,-.52721,1.20610,.82380,1.41326,.83843,-.04021,.04021,.95911,1.17331,.57814,,,.69374,.64124,-.83077,-.71478,1.71936,.19566,.25851,-.52721,1.20610,.82380,1.41326,.83843,.04021,1.17331,.57814,.69374,.64124,-.83077,-.71478,1.71936,.19566,.25851,-.52721,1.20610,.82380,1.41326,.83843,.04021,1.17331,.57814,-.40231,.23532,.00086,.00017,.00017,.00072,.00125,.00086,.00017,.00072,.00125,.01140,.00761,.00016,.00005,.00456,.00124,.01019,.00465,.00456,.00456,.00456,.00124,.01019,.00465,.02,.05,.50,.43,.00,.00
121,1,2.00,24.20,6,78,22,2,1,.8333,.8333,.8333,.7500,.7500,.7500,.08,1537.0000,1537.00,1537.00,1275.5000,1275.50,1275.50,261.50,4.75000000,4.75000000,4.71285714,4.71285714,4.50000000,4.50000000,5.37500000,5.37500000,4.65217391,4.65217391,999.00,1711.67,1198.00,-513.67,-.43072,.64124,-.39393,-.92854,-.01836,-1.66419,-.29723,.67275,-.73750,4.37546,.88501,-.43072,.64124,-.39393,-.92854,-.01836,-1.66419,-.29723,.67275,-.73750,-.94148,1.50383,.02891,.12428,-.12428,.95911,-.83808,.92835,-.09505,1.17274,-1.00750,.71721,.03279,1.40776,.11914,1645.52366,-108.52366,-1.23917,-.21782,1803.28024,-527.78024,-1.38430,-.64933,4.83462,-.08462,.49137,-.10478,5.63438,-.92153,.07706,-1.71024,4.74626,-.24626,.15534,-.36810,4.74044,.63456,.33730,.57032,5.05276,-.40059,.30739,-.86290,-.43072,.64124,-.39393,-.92854,-.01836,-1.66419,-.29723,.67275,-.73750,-.94148,1.50383,.02891,.12428,-.12428,.95911,-.83808,,,,-.43072,.64124,-.39393,-.92854,-.01836,-1.66419,-.29723,.67275,-.73750,-.94148,1.50383,.02891,-.12428,-.83808,,-.43072,.64124,-.39393,-.92854,-.01836,-1.66419,-.29723,.67275,-.73750,-.94148,1.50383,.02891,-.12428,-.83808,,-.81519,.76247,,,,,,,,,,,,.00391,.00522,.01720,.00024,.00081,.00721,.01720,.01720,.01720,.00024,.00081,.00721,.02,.05,-.65,.43,.01,.00
122,2,1.00,17.40,999,87,13,1,1,,,.6087,1.0000,1.0000,1.0000,-.39,,,1333.50,,,1169.00,164.50,4.75000000,4.75000000,4.85714286,4.85714286,3.87500000,3.87500000,2.00000000,2.00000000,4.47826087,4.47826087,999.00,1399.00,1544.00,145.00,-2.51449,1.47241,-.81524,-1.06166,-.01836,-1.39622,-1.22346,-2.27262,-1.10771,20.91917,.01301,-2.51449,1.47241,-.81524,-1.06166,-.01836,-1.39622,-1.22346,-2.27262,-1.10771,.82380,-1.06219,,.61774,-.61774,-1.02526,-.83808,,,,,,,,,,,,,,,,,,,,,,,,,,,,,,,,,,,,,-2.51449,1.47241,-.81524,-1.06166,-.01836,-1.39622,-1.22346,-2.27262,-1.10771,.82380,-1.06219,,.61774,-.61774,-1.02526,-.83808,,,,-2.51449,1.47241,-.81524,-1.06166,-.01836,-1.39622,-1.22346,-2.27262,-1.10771,.82380,-1.06219,,-.61774,-.83808,,-2.51449,1.47241,-.81524,-1.06166,-.01836,-1.39622,-1.22346,-2.27262,-1.10771,.82380,-1.06219,,-.61774,-.83808,,-2.43197,.62862,,,,,,,,,,,,,,,,,,,,,,,,.02,.06,-2.32,1.75,.11,.06
123,2,1.00,16.83,7,82,18,1,1,,,.7143,,,.4286,.29,,,2011.00,,,2235.00,-224.00,3.25000000,3.25000000,5.28571429,5.28571429,4.00000000,4.00000000,3.50000000,3.50000000,4.13636364,4.13636364,999.00,2244.00,1769.50,-474.50,-1.53477,-.42731,.58739,.27087,-1.91405,-.60028,-1.03822,-.96357,-1.83551,5.96875,.74304,-1.53477,-.42731,.58739,.27087,-1.91405,-.60028,-1.03822,-.96357,-1.83551,.82380,-1.27729,.83843,.34360,-.34360,-1.02526,-.83808,.83017,-.11587,-1.59294,-1.22820,.37024,.05836,-1.31764,.21208,1852.73364,158.26636,1.36905,.31767,2292.78247,-57.78247,1.37282,-.07109,4.66131,-1.41131,-1.09484,-1.74759,5.52811,-.24240,-.92993,-.44986,4.47457,-.47457,-1.13468,-.70936,4.56212,-1.06212,-.97244,-.95459,4.85543,-.71907,-1.26084,-1.54891,-1.53477,-.42731,.58739,.27087,-1.91405,-.60028,-1.03822,-.96357,-1.83551,.82380,-1.27729,.83843,.34360,-.34360,-1.02526,-.83808,,,,-1.53477,-.42731,.58739,.27087,-1.91405,-.60028,-1.03822,-.96357,-1.83551,.82380,-1.27729,.83843,-.34360,-.83808,,-1.53477,-.42731,.58739,.27087,-1.91405,-.60028,-1.03822,-.96357,-1.83551,.82380,-1.27729,.83843,-.34360,-.83808,,-.12570,.09250,,,,,,,,,,,,.00876,.00179,.03079,.00092,.00223,.00011,.03079,.03079,.03079,.00092,.00223,.00011,.02,.06,-1.33,-.19,.04,.00
124,2,2.00,20.63,999,89,11,1,1,,,1.0000,,,1.0000,.00,,,1804.50,,,2143.50,-339.00,3.50000000,3.50000000,5.00000000,5.00000000,4.75000000,4.75000000,2.87500000,2.87500000,4.39130435,4.39130435,999.00,1786.67,3109.00,1322.33,1.11587,1.47241,.15987,.15649,-1.59810,-1.13091,.07326,-1.50900,-1.29282,8.30891,.50334,1.11587,1.47241,.15987,.15649,-1.59810,-1.13091,.07326,-1.50900,-1.29282,.82380,.15667,,.72740,-.72740,-1.02526,-.83808,,,,,,,,,,,,,,,,,,,,,,,,,,,,,,,,,,,,,1.11587,1.47241,.15987,.15649,-1.59810,-1.13091,.07326,-1.50900,-1.29282,.82380,.15667,,.72740,-.72740,-1.02526,-.83808,,,,1.11587,1.47241,.15987,.15649,-1.59810,-1.13091,.07326,-1.50900,-1.29282,.82380,.15667,,-.72740,-.83808,,1.11587,1.47241,.15987,.15649,-1.59810,-1.13091,.07326,-1.50900,-1.29282,.82380,.15667,,-.72740,-.83808,,-1.09896,-.06620,,,,,,,,,,,,,,,,,,,,,,,,.02,.05,.92,1.28,.02,.03
125,1,2.00,20.56,999,58,42,2,2,,,999.0000,,,999.0000,999.00,,,999.00,,,999.00,999.00,5.12500000,5.12500000,6.00000000,6.00000000,4.75000000,4.75000000,3.87500000,3.87500000,5.26086957,5.26086957,999.00,1775.50,1604.33,-171.17,,,,,.45556,.72628,.07326,-.63630,.55823,,,,,,,.45556,.72628,.07326,-.63630,.55823,-.94148,.13025,,-.97231,.97231,.95911,1.17331,,,,,,,,,,,,,,,,,,,,,,,,,,,,,,,,,,,,,,,,,.45556,.72628,.07326,-.63630,.55823,-.94148,.13025,,-.97231,.97231,.95911,1.17331,,,,,,,,.45556,.72628,.07326,-.63630,.55823,-.94148,.13025,,.97231,1.17331,,,,,,.45556,.72628,.07326,-.63630,.55823,-.94148,.13025,,.97231,1.17331,,,,,,,,,,,,,,,,,,,,,,,,,,,,,,,,
126,2,2.00,24.60,4,36,64,2,2,,,1.0000,,,.3750,.63,,,1400.00,,,1825.00,-425.00,4.42857143,4.42857143,5.85714286,5.85714286,5.12500000,5.12500000,3.75000000,3.75000000,5.13636364,5.13636364,36.00,1272.00,1832.00,560.00,1.11587,-.60551,-.67757,-.24164,-.42458,.46097,.62900,-.74539,.29320,13.23436,.15229,1.11587,-.60551,-.67757,-.24164,-.42458,.46097,.62900,-.74539,.29320,.82380,1.65477,-1.59012,-2.17855,2.17855,.95911,1.17331,.96750,.03250,2.27559,.34446,.66812,-.29312,1.02213,-1.06509,1650.29752,-250.29752,-1.17908,-.50239,1815.84879,9.15121,-1.31351,.01126,5.10785,-.67928,2.99213,-.84113,5.80556,.05159,1.69907,.09574,5.25190,-.12690,2.55618,-.18968,4.86884,-1.11884,1.28040,-1.00557,5.37224,-.23588,2.84631,-.50810,1.11587,-.60551,-.67757,-.24164,-.42458,.46097,.62900,-.74539,.29320,.82380,1.65477,-1.59012,-2.17855,2.17855,.95911,1.17331,-.77891,,,1.11587,-.60551,-.67757,-.24164,-.42458,.46097,.62900,-.74539,.29320,.82380,1.65477,-1.59012,2.17855,1.17331,-.77891,1.11587,-.60551,-.67757,-.24164,-.42458,.46097,.62900,-.74539,.29320,.82380,1.65477,-1.59012,2.17855,1.17331,-.77891,1.03016,-.18488,.02956,.00259,.00259,.10355,.00175,.02956,.00259,.10355,.00175,.07950,.06008,.13026,.01119,.01031,.09860,.02416,.00001,.01031,.01031,.01031,.09860,.02416,.00001,.02,.05,.92,-.84,.02,.01
127,1,2.00,21.20,5,89,11,1,1,,,.8095,,,.6250,.18,,,1117.00,,,1371.00,-254.00,3.25000000,3.25000000,6.14285714,6.14285714,4.75000000,4.75000000,4.50000000,4.50000000,4.65217391,4.65217391,999.00,1544.50,1492.00,-52.50,-.65153,.22566,-1.26346,-.80916,-1.91405,.99160,.07326,-.09086,-.73750,9.14993,.42355,-.65153,.22566,-1.26346,-.80916,-1.91405,.99160,.07326,-.09086,-.73750,-.94148,.37176,-.78061,.72740,-.72740,-1.02526,-.83808,.91570,-.10620,.81631,-1.12566,.63045,-.00545,.72625,-.01979,1666.16827,-549.16827,-.97931,-1.10227,1952.05646,-581.05646,-.54632,-.71487,4.75323,-1.50323,-.25356,-1.86141,5.71249,.43037,.81715,.79872,4.82548,-.07548,.53151,-.11283,4.83485,-.33485,1.03071,-.30095,5.07174,-.41957,.45819,-.90377,-.65153,.22566,-1.26346,-.80916,-1.91405,.99160,.07326,-.09086,-.73750,-.94148,.37176,-.78061,.72740,-.72740,-1.02526,-.83808,,,,-.65153,.22566,-1.26346,-.80916,-1.91405,.99160,.07326,-.09086,-.73750,-.94148,.37176,-.78061,-.72740,-.83808,,-.65153,.22566,-1.26346,-.80916,-1.91405,.99160,.07326,-.09086,-.73750,-.94148,.37176,-.78061,-.72740,-.83808,,-.47045,.05110,,,,,,,,,,,,.00180,.00003,.01591,.00000,.01879,.00790,.01591,.01591,.01591,.00000,.01879,.00790,.02,.05,-.87,.01,.01,.00
129,2,2.00,21.00,7,70,30,2,2,,,.9400,,,.4300,.51,,,1342.00,,,2266.00,-924.00,3.87500000,3.87500000,5.14285714,5.14285714,4.14285714,4.14285714,5.12500000,5.12500000,4.36363636,4.36363636,35.00,1534.00,3542.50,2008.50,.55921,-.42266,-.79764,.30962,-1.12418,-.86559,-.82651,.45458,-1.35172,4.26795,.89291,.55921,-.42266,-.79764,.30962,-1.12418,-.86559,-.82651,.45458,-1.35172,.82380,.29629,.83843,-.31435,.31435,.95911,1.17331,.87431,.06569,-.34958,.69627,.52903,-.09903,-.07032,-.35986,1772.45860,-430.45860,.35860,-.86400,2047.99382,218.00618,-.00595,.26821,4.79413,-.91913,.12078,-1.13813,5.53917,-.39632,-.82510,-.73552,4.57686,-.43401,-.64897,-.64873,4.58363,.54137,-.81445,.48656,4.94584,-.58221,-.54231,-1.25411,.55921,-.42266,-.79764,.30962,-1.12418,-.86559,-.82651,.45458,-1.35172,.82380,.29629,.83843,-.31435,.31435,.95911,1.17331,-.98340,-.63374,-1.06600,.55921,-.42266,-.79764,.30962,-1.12418,-.86559,-.82651,.45458,-1.35172,.82380,.29629,.83843,.31435,1.17331,-.98340,.55921,-.42266,-.79764,.30962,-1.12418,-.86559,-.82651,.45458,-1.35172,.82380,.29629,.83843,.31435,1.17331,-.98340,.63840,-.87348,.00020,.00687,.00687,.00752,.00030,.00020,.00687,.00752,.00030,.02286,.00102,.00345,.00753,.00436,.00116,.00769,.00074,.00436,.00436,.00436,.00116,.00769,.00074,.02,.05,.36,-.65,.00,.01
130,1,2.00,21.13,7,88,12,1,1,,,.9100,,,.3750,.54,,,1984.50,,,2622.00,-637.50,4.12500000,4.12500000,5.16666667,5.16666667,3.57142857,3.57142857,4.87500000,4.87500000,4.23809524,4.23809524,10.00,2915.00,2329.00,-586.00,.28088,-.60551,.53252,.75464,-.80823,-.82138,-1.67334,.23640,-1.61896,5.57988,.78112,.28088,-.60551,.53252,.75464,-.80823,-.82138,-1.67334,.23640,-1.61896,-.94148,.34534,.83843,.67257,-.67257,-1.02526,-.83808,.87701,.03299,-.27352,.34966,.58207,-.20707,.34624,-.75242,1735.01243,249.48757,-.11274,.50076,2003.79754,618.20246,-.25489,.76057,4.70468,-.57968,-.69787,-.71781,5.54033,-.37366,-.81415,-.69348,4.50339,-.93196,-.99784,-1.39306,4.62196,.25304,-.53292,.22742,4.89112,-.65302,-.97724,-1.40665,.28088,-.60551,.53252,.75464,-.80823,-.82138,-1.67334,.23640,-1.61896,-.94148,.34534,.83843,.67257,-.67257,-1.02526,-.83808,-1.02058,,,.28088,-.60551,.53252,.75464,-.80823,-.82138,-1.67334,.23640,-1.61896,-.94148,.34534,.83843,-.67257,-.83808,-1.02058,.28088,-.60551,.53252,.75464,-.80823,-.82138,-1.67334,.23640,-1.61896,-.94148,.34534,.83843,-.67257,-.83808,-1.02058,.72357,-.47812,.00511,.00336,.00336,.00108,.00272,.00511,.00336,.00108,.00272,.00065,.00495,.00953,.00295,.00143,.00662,.00314,.00724,.00143,.00143,.00143,.00662,.00314,.00724,.02,.05,.08,-.84,.00,.01
132,1,2.00,20.73,7,94,6,1,1,,,.7917,,,.1250,.67,,,1643.00,,,1335.00,308.00,4.75000000,4.75000000,5.57142857,5.57142857,4.00000000,4.00000000,3.25000000,3.25000000,4.73913044,4.73913044,17.00,999.00,999.00,999.00,-.81667,-1.43668,-.17448,-.85416,-.01836,-.06966,-1.03822,-1.18174,-.55240,6.06180,.73372,-.81667,-1.43668,-.17448,-.85416,-.01836,-.06966,-1.03822,-1.18174,-.55240,-.94148,.19440,.83843,1.00155,-1.00155,-1.02526,-.83808,.87313,-.08143,-.38294,-.86309,.57952,-.45452,.32626,-1.65159,1733.49107,-90.49107,-.13189,-.18163,2017.62898,-682.62898,-.17698,-.83984,4.66724,.08276,-1.04051,.10247,5.53948,.03195,-.82217,.05929,4.47334,-.47334,-1.14049,-.70754,4.62983,-1.37983,-.47508,-1.24014,4.86726,-.12813,-1.16685,-.27599,-.81667,-1.43668,-.17448,-.85416,-.01836,-.06966,-1.03822,-1.18174,-.55240,-.94148,.19440,.83843,1.00155,-1.00155,-1.02526,-.83808,-.95551,,,-.81667,-1.43668,-.17448,-.85416,-.01836,-.06966,-1.03822,-1.18174,-.55240,-.94148,.19440,.83843,-1.00155,-.83808,-.95551,-.81667,-1.43668,-.17448,-.85416,-.01836,-.06966,-1.03822,-1.18174,-.55240,-.94148,.19440,.83843,-1.00155,-.83808,-.95551,1.17222,.82664,.03550,.03964,.03964,.03694,.05440,.03550,.03964,.03694,.05440,.00912,.06115,.02904,.00956,.01100,.04026,.00052,.01107,.01100,.01100,.01100,.04026,.00052,.01107,.02,.05,-1.04,-1.68,.02,.05
133,1,2.00,24.43,6,79,21,2,1,,,1.0000,,,.8750,.13,,,1408.00,,,1663.00,-255.00,5.37500000,5.37500000,5.71428571,5.71428571,4.62500000,4.62500000,3.50000000,3.50000000,5.21739130,5.21739130,168.00,3517.67,1533.50,-1984.17,1.11587,1.05683,-.66100,-.44415,.77151,.19566,-.11198,-.96357,.46568,4.23722,.89512,1.11587,1.05683,-.66100,-.44415,.77151,.19566,-.11198,-.96357,.46568,-.94148,1.59062,.02891,.17911,-.17911,.95911,-.83808,.93091,.06909,1.24470,.73235,.73032,.14468,1.51071,.52572,1637.93550,-229.93550,-1.33469,-.46152,1786.47154,-123.47154,-1.47898,-.15191,4.83348,.54152,.48095,.67055,5.63507,.07922,.08354,.14702,4.74497,-.11997,.14921,-.17932,4.74503,-1.24503,.37103,-1.11899,5.05255,.16485,.30566,.35509,1.11587,1.05683,-.66100,-.44415,.77151,.19566,-.11198,-.96357,.46568,-.94148,1.59062,.02891,.17911,-.17911,.95911,-.83808,.10410,-.40841,-.20544,1.11587,1.05683,-.66100,-.44415,.77151,.19566,-.11198,-.96357,.46568,-.94148,1.59062,.02891,-.17911,-.83808,.10410,1.11587,1.05683,-.66100,-.44415,.77151,.19566,-.11198,-.96357,.46568,-.94148,1.59062,.02891,-.17911,-.83808,.10410,-.67314,.04972,.01611,.00060,.00060,.01591,.02434,.01611,.00060,.01591,.02434,.01554,.00434,.00152,.00037,.01007,.00519,.00403,.00044,.01007,.01007,.01007,.00519,.00403,.00044,.02,.05,.92,.85,.02,.01
134,2,2.00,22.93,7,81,19,1,1,,,1.0000,,,.8750,.13,,,1436.50,,,1370.00,66.50,5.25000000,5.25000000,5.28571429,5.28571429,4.37500000,4.37500000,3.50000000,3.50000000,4.95652174,4.95652174,236.00,1673.67,1457.75,-215.92,1.11587,1.05683,-.60200,-.81041,.61354,-.60028,-.48248,-.96357,-.08963,4.85267,.84696,1.11587,1.05683,-.60200,-.81041,.61354,-.60028,-.48248,-.96357,-.08963,.82380,1.02458,.83843,.28877,-.28877,-1.02526,-.83808,.89593,.10407,.25949,1.10306,.64585,.22915,.84723,.83266,1703.82286,-267.32286,-.50534,-.53656,1901.75551,-531.75551,-.82964,-.65422,4.77128,.47872,-.08829,.59278,5.54503,-.25931,-.76966,-.48125,4.55514,-.18014,-.75212,-.26926,4.62751,-1.12751,-.49212,-1.01337,4.93584,.02068,-.62178,.04454,1.11587,1.05683,-.60200,-.81041,.61354,-.60028,-.48248,-.96357,-.08963,.82380,1.02458,.83843,.28877,-.28877,-1.02526,-.83808,1.08006,,,1.11587,1.05683,-.60200,-.81041,.61354,-.60028,-.48248,-.96357,-.08963,.82380,1.02458,.83843,-.28877,-.83808,1.08006,1.11587,1.05683,-.60200,-.81041,.61354,-.60028,-.48248,-.96357,-.08963,.82380,1.02458,.83843,-.28877,-.83808,1.08006,-.67314,.49338,.00196,.00254,.00254,.01172,.00586,.00196,.00254,.01172,.00586,.00368,.00781,.00305,.00179,.01679,.00956,.00424,.00630,.01679,.01679,.01679,.00956,.00424,.00630,.02,.05,.92,.85,.02,.01
136,2,2.00,22.50,6,81,19,1,1,,,.9565,,,.6667,.29,,,2002.00,,,2070.00,-68.00,4.62500000,4.62500000,5.42857143,5.42857143,4.12500000,4.12500000,4.87500000,4.87500000,4.69565217,4.69565217,131.00,999.00,999.00,999.00,.71229,.36429,.56876,.06462,-.17633,-.33497,-.85297,.23640,-.64495,2.42630,.98280,.71229,.36429,.56876,.06462,-.17633,-.33497,-.85297,.23640,-.64495,.82380,.86232,.02891,.28877,-.28877,-1.02526,-.83808,.91022,.04628,.66202,.49052,.64752,.01918,.86037,.06969,1681.84804,320.15196,-.78194,.64260,1906.83948,163.16052,-.80101,.20074,4.79011,-.16511,.08399,-.20445,5.62979,-.20122,.03353,-.37344,4.71245,-.58745,-.00519,-.87809,4.72779,.14721,.24440,.13231,5.02183,-.32618,.06156,-.70261,.71229,.36429,.56876,.06462,-.17633,-.33497,-.85297,.23640,-.64495,.82380,.86232,.02891,.28877,-.28877,-1.02526,-.83808,.10410,,,.71229,.36429,.56876,.06462,-.17633,-.33497,-.85297,.23640,-.64495,.82380,.86232,.02891,-.28877,-.83808,.10410,.71229,.36429,.56876,.06462,-.17633,-.33497,-.85297,.23640,-.64495,.82380,.86232,.02891,-.28877,-.83808,.10410,-.11173,.30777,.00009,.00133,.00133,.00242,.00064,.00009,.00133,.00242,.00064,.00290,.00003,.00009,.00040,.00219,.00004,.00385,.00038,.00219,.00219,.00219,.00004,.00385,.00038,.02,.05,.51,.15,.00,.00
138,2,2.00,21.96,5,86,14,1,1,,,1.0000,,,1.0000,.00,,,1808.00,,,2326.00,-518.00,5.37500000,5.37500000,6.00000000,6.00000000,5.50000000,5.50000000,5.00000000,5.00000000,5.60869565,5.60869565,191.00,2838.67,2853.25,14.58,1.11587,1.47241,.16712,.38463,.77151,.72628,1.18474,.34549,1.29866,4.27909,.89210,1.11587,1.47241,.16712,.38463,.77151,.72628,1.18474,.34549,1.29866,.82380,.65855,-.78061,.56291,-.56291,-1.02526,-.83808,.92368,.07632,1.04127,.80890,.65726,.34274,.93687,1.24540,1653.08386,154.91614,-1.14401,.31094,1909.06049,416.93951,-.78850,.51296,4.78157,.59343,.00588,.73482,5.71447,.28553,.83591,.52992,4.84752,.65248,.63614,.97530,4.83710,.16290,1.04727,.14641,5.09076,.51793,.60938,1.11566,1.11587,1.47241,.16712,.38463,.77151,.72628,1.18474,.34549,1.29866,.82380,.65855,-.78061,.56291,-.56291,-1.02526,-.83808,.66180,,,1.11587,1.47241,.16712,.38463,.77151,.72628,1.18474,.34549,1.29866,.82380,.65855,-.78061,-.56291,-.83808,.66180,1.11587,1.47241,.16712,.38463,.77151,.72628,1.18474,.34549,1.29866,.82380,.65855,-.78061,-.56291,-.83808,.66180,-1.09896,-.31321,.01701,.00323,.00323,.01210,.02358,.01701,.00323,.01210,.02358,.00066,.00483,.01335,.00188,.00871,.02064,.00152,.00414,.00871,.00871,.00871,.02064,.00152,.00414,.02,.05,.92,1.28,.02,.03
139,1,1.00,16.60,5,75,25,2,2,,,.9523,,,.5000,.45,,,1289.00,,,2544.50,-1255.50,4.00000000,4.00000000,6.00000000,6.00000000,5.12500000,5.12500000,4.50000000,4.50000000,5.00000000,5.00000000,200.00,1913.00,3176.00,1263.00,.67332,-.18993,-.90737,.65776,-.96621,.72628,.62900,-.09086,.00292,5.08593,.82675,.67332,-.18993,-.90737,.65776,-.96621,.72628,.62900,-.09086,.00292,-.94148,-1.36408,-.78061,-.04021,.04021,.95911,1.17331,.86505,.08725,-.61055,.92483,.38400,.11600,-1.20954,.42152,1806.52077,-517.52077,.78736,-1.03875,2276.29032,268.20968,1.27993,.32998,4.74544,-.74544,-.32481,-.92306,5.69908,.30092,.69012,.55847,4.82628,.29872,.53531,.44651,4.75529,-.25529,.44639,-.22945,5.05731,-.05731,.34351,-.12345,.67332,-.18993,-.90737,.65776,-.96621,.72628,.62900,-.09086,.00292,-.94148,-1.36408,-.78061,-.04021,.04021,.95911,1.17331,.74545,,,.67332,-.18993,-.90737,.65776,-.96621,.72628,.62900,-.09086,.00292,-.94148,-1.36408,-.78061,.04021,1.17331,.74545,.67332,-.18993,-.90737,.65776,-.96621,.72628,.62900,-.09086,.00292,-.94148,-1.36408,-.78061,.04021,1.17331,.74545,.44184,-1.33094,.01844,.09787,.09787,.10485,.00008,.01844,.09787,.10485,.00008,.06692,.00996,.00023,.02483,.01682,.00349,.02497,.00252,.01682,.01682,.01682,.00349,.02497,.00252,.02,.06,.92,.05,.02,.00
141,2,1.00,20.30,5,52,48,2,2,,,1.0000,,,.1250,.88,,,2904.00,,,4167.00,-1263.00,4.87500000,4.87500000,6.14285714,6.14285714,3.87500000,3.87500000,4.37500000,4.37500000,4.91304348,4.91304348,11.00,999.00,999.00,999.00,1.11587,-1.43668,2.43617,2.68594,.13961,.99160,-1.22346,-.19995,-.18219,14.64046,.10130,1.11587,-1.43668,2.43617,2.68594,.13961,.99160,-1.22346,-.19995,-.18219,.82380,.03214,-.78061,-1.30128,1.30128,.95911,1.17331,.90332,.09668,.46758,1.02476,.49257,-.36757,-.35672,-1.33564,1758.78534,1145.21466,.18649,2.29863,2083.67361,2083.32639,.19501,2.56311,4.92621,-.05121,1.32963,-.06341,5.70835,.43451,.77797,.80639,4.96859,-1.09359,1.21100,-1.63465,4.74906,-.37406,.40062,-.33619,5.17622,-.26318,1.28850,-.56690,1.11587,-1.43668,2.43617,2.68594,.13961,.99160,-1.22346,-.19995,-.18219,.82380,.03214,-.78061,-1.30128,1.30128,.95911,1.17331,-1.01128,,,1.11587,-1.43668,2.43617,2.68594,.13961,.99160,-1.22346,-.19995,-.18219,.82380,.03214,-.78061,1.30128,1.17331,-1.01128,1.11587,-1.43668,2.43617,2.68594,.13961,.99160,-1.22346,-.19995,-.18219,.82380,.03214,-.78061,1.30128,1.17331,-1.01128,1.88181,-1.34129,.08989,.03326,.03326,.09892,.02492,.08989,.03326,.09892,.02492,.18391,.21872,.06122,.03283,.02110,.03585,.11345,.14105,.02110,.02110,.02110,.03585,.11345,.14105,.02,.06,1.37,-1.22,.04,.03
142,2,1.00,18.90,6,100,0,1,1,,,.7500,,,.5000,.25,,,1683.00,,,2849.00,-1166.00,4.75000000,4.75000000,6.28571429,6.28571429,4.28571429,4.28571429,4.37500000,4.37500000,5.09090909,5.09090909,92.00,3462.50,2192.50,-1270.00,-1.20355,-.18993,-.09167,1.03839,-.01836,1.25691,-.61480,-.19995,.19644,20.43131,.01543,-1.20355,-.18993,-.09167,1.03839,-.01836,1.25691,-.61480,-.19995,.19644,.82380,-.49616,.02891,1.33053,-1.33053,-1.02526,-.83808,.87274,-.12274,-.39384,-1.30098,.53304,-.03304,-.03885,-.12006,1734.71827,-51.71827,-.11645,-.10381,2100.97340,748.02660,.29245,.92029,4.63144,.11856,-1.36824,.14681,5.62062,.66510,-.05336,1.23434,4.58809,-.30237,-.59568,-.45197,4.72693,-.35193,.23808,-.31630,4.91671,.17420,-.77380,.37523,-1.20355,-.18993,-.09167,1.03839,-.01836,1.25691,-.61480,-.19995,.19644,.82380,-.49616,.02891,1.33053,-1.33053,-1.02526,-.83808,-.25840,,,-1.20355,-.18993,-.09167,1.03839,-.01836,1.25691,-.61480,-.19995,.19644,.82380,-.49616,.02891,-1.33053,-.83808,-.25840,-1.20355,-.18993,-.09167,1.03839,-.01836,1.25691,-.61480,-.19995,.19644,.82380,-.49616,.02891,-1.33053,-.83808,-.25840,-.24731,-1.20744,.00454,.04130,.04130,.05143,.00033,.00454,.04130,.05143,.00033,.00269,.02158,.00177,.01979,.02634,.00022,.00019,.01509,.02634,.02634,.02634,.00022,.00019,.01509,.02,.06,-.99,.05,.02,.00
143,2,2.00,24.86,6,50,50,2,2,,,.9545,,,.7500,.20,,,1436.00,,,1314.00,122.00,5.12500000,5.12500000,6.00000000,6.00000000,4.87500000,4.87500000,5.87500000,5.87500000,5.30434783,5.30434783,296.00,1149.00,1498.67,349.67,.69374,.64124,-.60303,-.88041,.45556,.72628,.25851,1.10910,.65079,3.59859,.93579,.69374,.64124,-.60303,-.88041,.45556,.72628,.25851,1.10910,.65079,.82380,1.75288,.02891,-1.41094,1.41094,.95911,1.17331,.93346,.02104,1.31654,.22305,.67404,.07596,1.06867,.27601,1682.45620,-246.45620,-.77429,-.49468,1816.47787,-502.47787,-1.30997,-.61820,4.98858,.13642,1.90050,.16893,5.63498,.36502,.08274,.67743,4.87135,.00365,.74929,.00546,4.69035,1.18465,-.03062,1.06472,5.14882,.15553,1.07076,.33502,.69374,.64124,-.60303,-.88041,.45556,.72628,.25851,1.10910,.65079,.82380,1.75288,.02891,-1.41094,1.41094,.95911,1.17331,1.63776,,,.69374,.64124,-.60303,-.88041,.45556,.72628,.25851,1.10910,.65079,.82380,1.75288,.02891,1.41094,1.17331,1.63776,.69374,.64124,-.60303,-.88041,.45556,.72628,.25851,1.10910,.65079,.82380,1.75288,.02891,1.41094,1.17331,1.63776,-.40231,.56997,.00019,.01680,.01680,.00005,.00010,.00019,.01680,.00005,.00010,.00348,.02519,.00135,.00385,.00157,.00241,.00827,.01291,.00157,.00157,.00157,.00241,.00827,.01291,.02,.05,.50,.43,.00,.00
144,1,1.00,16.40,5,58,42,2,2,,,.9090,,,.5714,.34,,,1446.00,,,1612.00,-166.00,6.00000000,6.00000000,6.28571429,6.28571429,5.25000000,5.25000000,5.25000000,5.25000000,5.82608696,5.82608696,999.00,1333.00,1612.00,279.00,.27160,.04745,-.58233,-.50790,1.56138,1.25691,.81425,.56366,1.76142,4.02343,.90986,.27160,.04745,-.58233,-.50790,1.56138,1.25691,.81425,.56366,1.76142,-.94148,-1.43955,-.78061,-.97231,.97231,.95911,1.17331,.86166,.04734,-.70587,.50174,.33039,.24101,-1.63063,.87576,1843.79578,-397.79578,1.25655,-.79844,2323.00660,-711.00660,1.54306,-.87475,4.82859,1.17141,.43620,1.45053,5.69777,.58794,.67774,1.09115,4.89471,.35529,.86021,.53108,4.71824,.53176,.17423,.47793,5.10802,.71807,.74650,1.54677,.27160,.04745,-.58233,-.50790,1.56138,1.25691,.81425,.56366,1.76142,-.94148,-1.43955,-.78061,-.97231,.97231,.95911,1.17331,,,,.27160,.04745,-.58233,-.50790,1.56138,1.25691,.81425,.56366,1.76142,-.94148,-1.43955,-.78061,.97231,1.17331,,.27160,.04745,-.58233,-.50790,1.56138,1.25691,.81425,.56366,1.76142,-.94148,-1.43955,-.78061,.97231,1.17331,,.05111,.17254,,,,,,,,,,,,.01646,.00571,.00782,.02381,.02134,.02561,.00782,.00782,.00782,.02381,.02134,.02561,.02,.06,.51,.30,.01,.00
145,1,1.00,17.03,5,54,46,2,2,,,.8571,,,.2000,.66,,,1841.00,,,860.00,981.00,5.12500000,5.12500000,4.85714286,4.85714286,5.12500000,5.12500000,4.25000000,4.25000000,5.04347826,5.04347826,999.00,999.00,999.00,999.00,-.20991,-1.18733,.23544,-1.44792,.45556,-1.39622,.62900,-.30904,.09547,10.94539,.27947,-.20991,-1.18733,.23544,-1.44792,.45556,-1.39622,.62900,-.30904,.09547,-.94148,-1.20182,-.78061,-1.19162,1.19162,.95911,1.17331,.86817,-.01107,-.52247,-.11738,.34865,-.14865,-1.48714,-.54016,1835.82719,5.17281,1.15625,.01038,2290.37644,-1430.37644,1.35927,-1.75979,4.85980,.26520,.72181,.32840,5.69935,-.84221,.69267,-1.56303,4.91929,.20571,.97691,.30749,4.71700,-.46700,.16518,-.41973,5.12853,-.08505,.90949,-.18320,-.20991,-1.18733,.23544,-1.44792,.45556,-1.39622,.62900,-.30904,.09547,-.94148,-1.20182,-.78061,-1.19162,1.19162,.95911,1.17331,,,,-.20991,-1.18733,.23544,-1.44792,.45556,-1.39622,.62900,-.30904,.09547,-.94148,-1.20182,-.78061,1.19162,1.17331,,-.20991,-1.18733,.23544,-1.44792,.45556,-1.39622,.62900,-.30904,.09547,-.94148,-1.20182,-.78061,1.19162,1.17331,,1.13952,1.75536,,,,,,,,,,,,.00813,.11602,.00042,.00887,.00000,.10035,.00042,.00042,.00042,.00887,.00000,.10035,.02,.06,.02,-.96,.00,.02
148,2,1.00,16.86,5,46,54,2,2,,,999.0000,,,999.0000,999.00,,,999.00,,,999.00,999.00,5.00000000,5.00000000,5.66666667,5.66666667,5.83333333,5.83333333,5.42857143,5.42857143,5.45000000,5.45000000,999.00,999.00,999.00,999.00,,,,,.29759,.10722,1.67873,.71950,.96084,,,,,,,.29759,.10722,1.67873,.71950,.96084,.82380,-1.26597,-.78061,-1.63026,1.63026,.95911,1.17331,.86576,,-.59039,,.31997,,-1.71249,,1855.24444,,1.40066,,2317.24959,,1.51063,,4.89762,.10238,1.06799,.12678,5.69852,-.03186,.68484,-.05912,4.95054,.88280,1.12529,1.31957,4.69873,.72984,.03094,.65596,5.15143,.29857,1.09149,.64314,,,,,.29759,.10722,1.67873,.71950,.96084,.82380,-1.26597,-.78061,-1.63026,1.63026,.95911,1.17331,,,,,,,,.29759,.10722,1.67873,.71950,.96084,.82380,-1.26597,-.78061,1.63026,1.17331,,,,,,.29759,.10722,1.67873,.71950,.96084,.82380,-1.26597,-.78061,1.63026,1.17331,,,,,,,,,,,,,,,,,,,,,,,,,,,,,,,,
149,1,1.00,16.80,7,96,4,1,1,,,.9523,,,.4285,.52,,,1876.50,,,1983.00,-106.50,5.12500000,5.12500000,5.71428571,5.71428571,4.62500000,4.62500000,5.14285714,5.14285714,5.13043478,5.13043478,4.00,1983.00,2105.50,122.50,.67332,-.42764,.30893,-.04414,.45556,.19566,-.11198,.47016,.28058,1.94357,.99233,.67332,-.42764,.30893,-.04414,.45556,.19566,-.11198,.47016,.28058,-.94148,-1.28861,.83843,1.11121,-1.11121,-1.02526,-.83808,.83086,.12144,-1.57363,1.28721,.40550,.02300,-1.04061,.08356,1826.85036,49.64964,1.04325,.09965,2266.85495,-283.85495,1.22678,-.34923,4.58949,.53551,-1.75220,.66311,5.52865,.18564,-.92486,.34452,4.41578,.20922,-1.41382,.31274,4.59048,.55238,-.76412,.49646,4.81120,.31923,-1.61231,.68765,.67332,-.42764,.30893,-.04414,.45556,.19566,-.11198,.47016,.28058,-.94148,-1.28861,.83843,1.11121,-1.11121,-1.02526,-.83808,-1.07635,,,.67332,-.42764,.30893,-.04414,.45556,.19566,-.11198,.47016,.28058,-.94148,-1.28861,.83843,-1.11121,-.83808,-1.07635,.67332,-.42764,.30893,-.04414,.45556,.19566,-.11198,.47016,.28058,-.94148,-1.28861,.83843,-1.11121,-.83808,-1.07635,.68542,.25464,.00101,.03694,.03694,.05745,.00294,.00101,.03694,.05745,.00294,.00074,.03717,.00364,.00561,.04401,.00019,.00029,.00354,.04401,.04401,.04401,.00019,.00029,.00354,.02,.06,.92,-.19,.02,.00
150,1,1.00,17.20,4,55,45,2,2,,,.8421,,,.8333,.01,,,1860.00,,,1473.00,387.00,5.50000000,5.50000000,5.57142857,5.57142857,4.62500000,4.62500000,6.75000000,6.75000000,5.21739130,5.21739130,999.00,1966.00,1733.67,-232.33,-.34908,.91819,.27477,-.68165,.92949,-.06966,-.11198,1.87272,.46568,6.05684,.73422,-.34908,.91819,.27477,-.68165,.92949,-.06966,-.11198,1.87272,.46568,-.94148,-1.13767,-1.59012,-1.13680,1.13680,.95911,1.17331,.88901,-.04691,.06450,-.49723,.38031,.45299,-1.23849,1.64602,1797.11656,62.88344,.66898,.12622,2254.81297,-781.81297,1.15895,-.96186,4.88384,.61616,.94189,.76297,5.78582,-.21440,1.51208,-.39789,5.07994,-.45494,1.73971,-.68003,4.82597,1.92403,.96548,1.72925,5.21898,-.00159,1.62835,-.00343,-.34908,.91819,.27477,-.68165,.92949,-.06966,-.11198,1.87272,.46568,-.94148,-1.13767,-1.59012,-1.13680,1.13680,.95911,1.17331,,,,-.34908,.91819,.27477,-.68165,.92949,-.06966,-.11198,1.87272,.46568,-.94148,-1.13767,-1.59012,1.13680,1.17331,,-.34908,.91819,.27477,-.68165,.92949,-.06966,-.11198,1.87272,.46568,-.94148,-1.13767,-1.59012,1.13680,1.17331,,-1.06899,.93566,,,,,,,,,,,,.15226,.06244,.01066,.11679,.00080,.04660,.01066,.01066,.01066,.11679,.00080,.04660,.02,.06,-.12,1.18,.00,.03
151,1,1.00,17.93,7,57,43,2,2,,,999.0000,,,999.0000,999.00,,,999.00,,,999.00,999.00,6.00000000,6.00000000,5.42857143,5.42857143,5.25000000,5.25000000,3.57142857,3.57142857,5.56521739,5.56521739,199.00,999.00,999.00,999.00,,,,,1.56138,-.33497,.81425,-.90123,1.20610,,,,,,,1.56138,-.33497,.81425,-.90123,1.20610,-.94148,-.86220,.83843,-1.02714,1.02714,.95911,1.17331,.84024,,-1.30929,,.35499,,-1.43742,,1873.08255,,1.62519,,2271.66126,,1.25385,,4.80756,1.19244,.24368,1.47657,5.53007,-.10150,-.91140,-.18836,4.59265,.65735,-.57399,.98258,4.52304,-.95161,-1.25947,-.85527,4.94766,.61755,-.52784,1.33025,,,,,1.56138,-.33497,.81425,-.90123,1.20610,-.94148,-.86220,.83843,-1.02714,1.02714,.95911,1.17331,.73615,,,,,,,1.56138,-.33497,.81425,-.90123,1.20610,-.94148,-.86220,.83843,1.02714,1.17331,.73615,,,,,1.56138,-.33497,.81425,-.90123,1.20610,-.94148,-.86220,.83843,1.02714,1.17331,.73615,,,,,,,,,,,,,,,,,,,,,,,,,,,,,,,
152,1,1.00,17.70,2,100,0,1,1,,,.8696,,,.0000,.87,,,999.00,,,999.00,999.00,5.75000000,5.75000000,6.00000000,6.00000000,5.00000000,5.00000000,6.50000000,6.50000000,5.54545455,5.54545455,24.00,999.00,999.00,999.00,-.09394,-1.85227,,,1.24543,.72628,.44375,1.65454,1.16403,,,-.09394,-1.85227,,,1.24543,.72628,.44375,1.65454,1.16403,-.94148,-.94899,-3.20916,1.33053,-1.33053,-1.02526,-.83808,.93551,-.06591,1.37439,-.69862,.56345,-.56345,.19999,-2.04739,1633.96283,,-1.38469,,2087.80617,,.21829,,4.71567,1.03433,-.59728,1.28078,5.96112,.03888,3.17310,.07216,5.22384,-.22384,2.42295,-.33458,5.13379,1.36621,3.22642,1.22790,5.26725,.27821,2.01192,.59927,-.09394,-1.85227,,,1.24543,.72628,.44375,1.65454,1.16403,-.94148,-.94899,-3.20916,1.33053,-1.33053,-1.02526,-.83808,-.89045,,,-.09394,-1.85227,,,1.24543,.72628,.44375,1.65454,1.16403,-.94148,-.94899,-3.20916,-1.33053,-.83808,-.89045,-.09394,-1.85227,,,1.24543,.72628,.44375,1.65454,1.16403,-.94148,-.94899,-3.20916,-1.33053,-.83808,-.89045,1.86342,,.11812,,,.00037,.08901,.11812,,.00037,.08901,,,.41328,,.05765,.49510,,,.05765,.05765,.05765,.49510,,,.02,.06,.14,-1.64,.00,.06
153,2,2.00,23.26,7,80,20,2,1,,,.8235,,,.1667,.66,,,1187.50,,,2215.00,-1027.50,4.00000000,4.00000000,6.28571429,6.28571429,4.12500000,4.12500000,4.12500000,4.12500000,4.73913044,4.73913044,75.00,999.00,999.00,999.00,-.52164,-1.29805,-1.11750,.24587,-.96621,1.25691,-.85297,-.41813,-.55240,6.15163,.72465,-.52164,-1.29805,-1.11750,.24587,-.96621,1.25691,-.85297,-.41813,-.55240,.82380,1.14911,.83843,.23394,-.23394,.95911,-.83808,.89942,-.07592,.35778,-.80473,.65829,-.49159,.94491,-1.78626,1697.56593,-510.06593,-.58410,-1.02378,1882.48396,332.51604,-.93819,.40909,4.78205,-.78205,.01026,-.96839,5.54590,.73982,-.76138,1.37301,4.56344,-.43844,-.71268,-.65537,4.62911,-.50411,-.48038,-.45308,4.94316,-.20403,-.56366,-.43949,-.52164,-1.29805,-1.11750,.24587,-.96621,1.25691,-.85297,-.41813,-.55240,.82380,1.14911,.83843,.23394,-.23394,.95911,-.83808,-.41641,,,-.52164,-1.29805,-1.11750,.24587,-.96621,1.25691,-.85297,-.41813,-.55240,.82380,1.14911,.83843,-.23394,-.83808,-.41641,-.52164,-1.29805,-1.11750,.24587,-.96621,1.25691,-.85297,-.41813,-.55240,.82380,1.14911,.83843,-.23394,-.83808,-.41641,1.13849,-1.01631,.04441,.03372,.03372,.03073,.06113,.04441,.03372,.03073,.06113,.04001,.00060,.03653,.01969,.00969,.04772,.01673,.00267,.00969,.00969,.00969,.04772,.01673,.00267,.02,.05,-.74,-1.54,.01,.04
154,1,1.00,17.73,7,95,5,1,1,,,.6819,,,.0000,.68,,,999.00,,,999.00,999.00,4.87500000,4.87500000,5.85714286,5.85714286,5.37500000,5.37500000,4.75000000,4.75000000,5.34782609,5.34782609,74.00,999.00,999.00,999.00,-1.83536,-1.85227,,,.13961,.46097,.99949,.12731,.74334,,,-1.83536,-1.85227,,,.13961,.46097,.99949,.12731,.74334,-.94148,-.93767,.83843,1.05638,-1.05638,-1.02526,-.83808,.84082,-.15892,-1.29294,-1.68450,.44531,-.44531,-.72798,-1.61810,1805.75941,,.77777,,2208.92599,,.90050,,4.61057,.26443,-1.55923,.32744,5.53119,.32596,-.90078,.60493,4.43160,.94340,-1.33870,1.41016,4.59871,.15129,-.70365,.13597,4.82612,.52171,-1.49379,1.12380,-1.83536,-1.85227,,,.13961,.46097,.99949,.12731,.74334,-.94148,-.93767,.83843,1.05638,-1.05638,-1.02526,-.83808,-.42571,,,-1.83536,-1.85227,,,.13961,.46097,.99949,.12731,.74334,-.94148,-.93767,.83843,-1.05638,-.83808,-.42571,-1.83536,-1.85227,,,.13961,.46097,.99949,.12731,.74334,-.94148,-.93767,.83843,-1.05638,-.83808,-.42571,1.22400,,.03716,,,.10641,.08019,.03716,,.10641,.08019,,,.02398,,.05870,.05416,,,.05870,.05870,.05870,.05416,,,.02,.06,-1.63,-1.64,.06,.06
155,2,1.00,19.10,6,62,38,2,2,,,.9524,,,.6667,.29,,,1595.50,,,3953.00,-2357.50,3.12500000,3.12500000,4.42857143,4.42857143,4.00000000,4.00000000,2.25000000,2.25000000,3.82608696,3.82608696,27.00,4193.00,3091.50,-1101.50,.67425,.36429,-.27282,2.41843,-2.07203,-2.19216,-1.03822,-2.05444,-2.49600,18.77521,.02717,.67425,.36429,-.27282,2.41843,-2.07203,-2.19216,-1.03822,-2.05444,-2.49600,.82380,-.42069,.02891,-.75299,.75299,.95911,1.17331,.87216,.08024,-.41018,.85050,.44272,.22398,-.74828,.81387,1802.04141,-206.54141,.73097,-.41456,2163.70866,1789.29134,.64581,2.20136,4.82842,-1.70342,.43467,-2.10931,5.61950,-1.19093,-.06398,-2.21022,4.74914,-.74914,.16903,-1.11978,4.65126,-2.40126,-.31773,-2.15816,5.03826,-1.21218,.19215,-2.61110,.67425,.36429,-.27282,2.41843,-2.07203,-2.19216,-1.03822,-2.05444,-2.49600,.82380,-.42069,.02891,-.75299,.75299,.95911,1.17331,-.86256,,,.67425,.36429,-.27282,2.41843,-2.07203,-2.19216,-1.03822,-2.05444,-2.49600,.82380,-.42069,.02891,.75299,1.17331,-.86256,.67425,.36429,-.27282,2.41843,-2.07203,-2.19216,-1.03822,-2.05444,-2.49600,.82380,-.42069,.02891,.75299,1.17331,-.86256,-.12570,-2.85167,.03557,.21216,.21216,.03280,.05271,.03557,.21216,.03280,.05271,.00973,.11992,.00297,.07336,.00734,.00673,.00182,.05137,.00734,.00734,.00734,.00673,.00182,.05137,.02,.06,.92,.62,.02,.01
156,1,1.00,17.96,6,57,43,2,2,,,.7391,,,.6250,.11,,,2346.00,,,1633.00,713.00,3.50000000,3.50000000,5.28571429,5.28571429,4.62500000,4.62500000,4.00000000,4.00000000,4.43478261,4.43478261,96.00,1964.50,1556.67,-407.83,-1.30468,.22566,1.28094,-.48165,-1.59810,-.60028,-.11198,-.52721,-1.20027,6.92729,.64469,-1.30468,.22566,1.28094,-.48165,-1.59810,-.60028,-.11198,-.52721,-1.20027,-.94148,-.85088,.02891,-1.02714,1.02714,.95911,1.17331,.85950,-.12040,-.76691,-1.27614,.37764,.24736,-1.25948,.89883,1839.73498,506.26502,1.20544,1.01615,2247.10788,-614.10788,1.11556,-.75553,4.83429,-1.33429,.48836,-1.65222,5.61611,-.33039,-.09610,-.61317,4.75572,-.13072,.20029,-.19540,4.62840,-.62840,-.48558,-.56479,5.03948,-.60470,.20182,-1.30255,-1.30468,.22566,1.28094,-.48165,-1.59810,-.60028,-.11198,-.52721,-1.20027,-.94148,-.85088,.02891,-1.02714,1.02714,.95911,1.17331,-.22122,,,-1.30468,.22566,1.28094,-.48165,-1.59810,-.60028,-.11198,-.52721,-1.20027,-.94148,-.85088,.02891,1.02714,1.17331,-.22122,-1.30468,.22566,1.28094,-.48165,-1.59810,-.60028,-.11198,-.52721,-1.20027,-.94148,-.85088,.02891,1.02714,1.17331,-.22122,-.71027,1.38553,.17591,.33116,.33116,.11238,.06597,.17591,.33116,.11238,.06597,.07717,.10463,.03377,.03991,.02876,.01427,.01890,.01045,.02876,.02876,.02876,.01427,.01890,.01045,.02,.06,-1.09,.48,.02,.00
157,1,2.00,22.33,999,95,5,1,1,,,.6667,,,.6667,.00,,,1226.00,,,1236.00,-10.00,999.00000000,999.00000000,999.00000000,999.00000000,999.00000000,999.00000000,999.00000000,999.00000000,999.00000000,999.00000000,999.00,2483.00,1052.00,-1431.00,-1.97639,.36429,-1.03780,-.97791,,,,,,,,-1.97639,.36429,-1.03780,-.97791,,,,,,-.94148,.79817,,1.05638,-1.05638,-1.02526,-.83808,,,,,,,,,,,,,,,,,,,,,,,,,,,,,,,,,,,,,-1.97639,.36429,-1.03780,-.97791,,,,,,-.94148,.79817,,1.05638,-1.05638,-1.02526,-.83808,,,,-1.97639,.36429,-1.03780,-.97791,,,,,,-.94148,.79817,,-1.05638,-.83808,,-1.97639,.36429,-1.03780,-.97791,,,,,,-.94148,.79817,,-1.05638,-.83808,,-1.09896,.38781,,,,,,,,,,,,,,,,,,,,,,,,.02,.05,-2.22,.15,.09,.00
158,2,2.00,23.83,7,62,38,2,2,,,.9546,,,.7500,.20,,,1506.00,,,1856.00,-350.00,5.75000000,5.75000000,6.28571429,6.28571429,3.12500000,3.12500000,6.12500000,6.12500000,5.00000000,5.00000000,999.00,1866.50,2114.00,247.50,.69466,.64124,-.45811,-.20289,1.24543,1.25691,-2.33494,1.32728,.00292,13.44206,.14360,.69466,.64124,-.45811,-.20289,1.24543,1.25691,-2.33494,1.32728,.00292,.82380,1.36421,.83843,-.75299,.75299,.95911,1.17331,.90428,.05032,.49452,.53341,.63718,.11282,.77913,.40995,1717.70573,-211.70573,-.33059,-.42493,1881.57993,-25.57993,-.94328,-.03147,4.88353,.86647,.93906,1.07292,5.54669,.73902,-.75389,1.37154,4.64569,-1.52069,-.32219,-2.27306,4.59852,1.52648,-.70506,1.37194,5.00675,-.00675,-.05826,-.01455,.69466,.64124,-.45811,-.20289,1.24543,1.25691,-2.33494,1.32728,.00292,.82380,1.36421,.83843,-.75299,.75299,.95911,1.17331,,,,.69466,.64124,-.45811,-.20289,1.24543,1.25691,-2.33494,1.32728,.00292,.82380,1.36421,.83843,.75299,1.17331,,.69466,.64124,-.45811,-.20289,1.24543,1.25691,-2.33494,1.32728,.00292,.82380,1.36421,.83843,.75299,1.17331,,-.40197,-.08138,,,,,,,,,,,,.00104,.00130,.00538,.00318,.00389,.00002,.00538,.00538,.00538,.00318,.00389,.00002,.02,.05,.50,.43,.00,.00
160,2,2.00,23.33,7,50,50,2,2,,,.8750,,,.8750,.00,,,2220.50,,,3543.00,-1322.50,5.37500000,5.37500000,6.14285714,6.14285714,6.50000000,6.50000000,6.25000000,6.25000000,6.00000000,6.00000000,217.00,3088.00,3795.33,707.33,-.04384,1.05683,1.02112,1.90592,.77151,.99160,2.66671,1.43637,2.13163,16.67433,.05407,-.04384,1.05683,1.02112,1.90592,.77151,.99160,2.66671,1.43637,2.13163,.82380,1.17553,.83843,-1.41094,1.41094,.95911,1.17331,.89802,-.02302,.31815,-.24395,.58297,.29203,.35334,1.06114,1752.88883,467.61117,.11227,.93857,1937.67478,1605.32522,-.62733,1.97503,4.93606,.43894,1.41978,.54353,5.54477,.59809,-.77208,1.10998,4.68949,1.81051,-.11419,2.70627,4.56840,1.68160,-.92632,1.51136,5.03800,.96200,.19008,2.07221,-.04384,1.05683,1.02112,1.90592,.77151,.99160,2.66671,1.43637,2.13163,.82380,1.17553,.83843,-1.41094,1.41094,.95911,1.17331,.90346,,,-.04384,1.05683,1.02112,1.90592,.77151,.99160,2.66671,1.43637,2.13163,.82380,1.17553,.83843,1.41094,1.17331,.90346,-.04384,1.05683,1.02112,1.90592,.77151,.99160,2.66671,1.43637,2.13163,.82380,1.17553,.83843,1.41094,1.17331,.90346,-1.09896,-1.42340,.06666,.08903,.08903,.01303,.03603,.06666,.08903,.01303,.03603,.05228,.18576,.03448,.06501,.00146,.02767,.02547,.11276,.00146,.00146,.00146,.02767,.02547,.11276,.02,.05,-.25,.85,.00,.01
161,2,1.00,17.80,6,86,14,1,1,,,.8800,,,.5000,.38,,,1662.00,,,2746.00,-1084.00,4.00000000,4.00000000,5.57142857,5.57142857,4.75000000,4.75000000,5.37500000,5.37500000,4.73913044,4.73913044,999.00,2953.00,2539.00,-414.00,.00255,-.18993,-.13515,.90964,-.96621,-.06966,.07326,.67275,-.55240,2.63032,.97717,.00255,-.18993,-.13515,.90964,-.96621,-.06966,.07326,.67275,-.55240,.82380,-.91125,.02891,.56291,-.56291,-1.02526,-.83808,.85986,.02014,-.75667,.21347,.44623,.05377,-.72071,.19538,1788.53896,-126.53896,.56101,-.25398,2199.70570,546.29430,.84856,.67210,4.68383,-.68383,-.88871,-.84677,5.61694,-.04551,-.08819,-.08447,4.63272,.11728,-.38374,.17530,4.68607,.68893,-.06201,.61918,4.94663,-.20749,-.53610,-.44696,.00255,-.18993,-.13515,.90964,-.96621,-.06966,.07326,.67275,-.55240,.82380,-.91125,.02891,.56291,-.56291,-1.02526,-.83808,,,,.00255,-.18993,-.13515,.90964,-.96621,-.06966,.07326,.67275,-.55240,.82380,-.91125,.02891,-.56291,-.83808,,.00255,-.18993,-.13515,.90964,-.96621,-.06966,.07326,.67275,-.55240,.82380,-.91125,.02891,-.56291,-.83808,,.19555,-1.09428,,,,,,,,,,,,.00018,.00974,.00050,.00042,.00080,.00559,.00050,.00050,.00050,.00042,.00080,.00559,.02,.06,.24,.05,.00,.00
162,2,1.00,18.43,5,50,50,2,2,,,.8182,,,.3750,.44,,,1883.50,,,2267.00,-383.50,5.25000000,5.25000000,6.28571429,6.28571429,4.50000000,4.50000000,4.00000000,4.00000000,5.30434783,5.30434783,999.00,1645.00,2530.00,885.00,-.57081,-.60551,.32342,.31087,.61354,1.25691,-.29723,-.52721,.65079,3.60761,.93529,-.57081,-.60551,.32342,.31087,.61354,1.25691,-.29723,-.52721,.65079,.82380,-.67352,-.78061,-1.41094,1.41094,.95911,1.17331,.88299,-.06479,-.10498,-.68679,.40204,-.02704,-1.06779,-.09827,1808.82161,74.67839,.81632,.14989,2208.13593,58.86407,.89605,.07242,4.90424,.34576,1.12859,.42815,5.70306,.58265,.72787,1.08133,4.95351,-.45351,1.13941,-.67789,4.72428,-.72428,.21865,-.65096,5.15879,.14556,1.15000,.31354,-.57081,-.60551,.32342,.31087,.61354,1.25691,-.29723,-.52721,.65079,.82380,-.67352,-.78061,-1.41094,1.41094,.95911,1.17331,,,,-.57081,-.60551,.32342,.31087,.61354,1.25691,-.29723,-.52721,.65079,.82380,-.67352,-.78061,1.41094,1.17331,,-.57081,-.60551,.32342,.31087,.61354,1.25691,-.29723,-.52721,.65079,.82380,-.67352,-.78061,1.41094,1.17331,,.41084,-.12761,,,,,,,,,,,,.00054,.00001,.01271,.00026,.00064,.00015,.01271,.01271,.01271,.00026,.00064,.00015,.02,.06,-.35,-.37,.00,.00
164,2,1.00,18.60,4,90,10,1,1,,,999.0000,,,999.0000,999.00,,,999.00,,,999.00,999.00,4.37500000,4.37500000,5.66666667,5.66666667,5.12500000,5.12500000,4.50000000,4.50000000,5.00000000,5.00000000,22.00,999.00,999.00,999.00,,,,,-.49228,.10722,.62900,-.09086,.00292,,,,,,,-.49228,.10722,.62900,-.09086,.00292,.82380,-.60937,-1.59012,.78223,-.78223,-1.02526,-.83808,.90664,,.56118,,.53576,,-.01750,,1695.94138,,-.60455,,2094.96136,,.25859,,4.72965,-.35465,-.46938,-.43915,5.79126,-.12459,1.56359,-.23123,4.95144,.17356,1.12958,.25943,4.91318,-.41318,1.60607,-.37135,5.12710,-.12710,.89816,-.27378,,,,,-.49228,.10722,.62900,-.09086,.00292,.82380,-.60937,-1.59012,.78223,-.78223,-1.02526,-.83808,-.90904,,,,,,,-.49228,.10722,.62900,-.09086,.00292,.82380,-.60937,-1.59012,-.78223,-.83808,-.90904,,,,,-.49228,.10722,.62900,-.09086,.00292,.82380,-.60937,-1.59012,-.78223,-.83808,-.90904,,,,,,,,,,,,,,,,,,,,,,,,,,,,,,,
166,1,2.00,22.86,6,96,4,1,1,,,1.0000,,,1.0000,.00,,,1329.00,,,1725.00,-396.00,4.75000000,4.75000000,6.42857143,6.42857143,4.87500000,4.87500000,5.50000000,5.50000000,5.30434783,5.30434783,999.00,2520.50,1654.50,-866.00,1.11587,1.47241,-.82456,-.36664,-.01836,1.52222,.25851,.78184,.65079,7.72535,.56204,1.11587,1.47241,-.82456,-.36664,-.01836,1.52222,.25851,.78184,.65079,-.94148,.99817,.02891,1.11121,-1.11121,-1.02526,-.83808,.91519,.08481,.80192,.89896,.70320,.29680,1.29767,1.07849,1644.42085,-315.42085,-1.25305,-.63310,1853.79461,-128.79461,-1.09978,-.15846,4.71990,.03010,-.55861,.03727,5.63145,.79712,.04929,1.47936,4.65437,.22063,-.28095,.32979,4.76252,.73748,.49945,.66282,4.97941,.32494,-.27554,.69993,1.11587,1.47241,-.82456,-.36664,-.01836,1.52222,.25851,.78184,.65079,-.94148,.99817,.02891,1.11121,-1.11121,-1.02526,-.83808,,,,1.11587,1.47241,-.82456,-.36664,-.01836,1.52222,.25851,.78184,.65079,-.94148,.99817,.02891,-1.11121,-.83808,,1.11587,1.47241,-.82456,-.36664,-.01836,1.52222,.25851,.78184,.65079,-.94148,.99817,.02891,-1.11121,-.83808,,-1.09896,-.14486,,,,,,,,,,,,.01180,.00117,.01501,.02160,.00772,.00048,.01501,.01501,.01501,.02160,.00772,.00048,.02,.05,.92,1.28,.02,.03
167,1,1.00,16.30,6,96,4,1,1,,,1.0000,,,.1250,.88,,,2126.00,,,4261.00,-2135.00,4.00000000,4.00000000,5.85714286,5.85714286,4.37500000,4.37500000,6.12500000,6.12500000,4.69565217,4.69565217,999.00,999.00,999.00,999.00,1.11587,-1.43668,.82547,2.80344,-.96621,.46097,-.48248,1.32728,-.64495,11.53378,.24089,1.11587,-1.43668,.82547,2.80344,-.96621,.46097,-.48248,1.32728,-.64495,-.94148,-1.47729,.02891,1.11121,-1.11121,-1.02526,-.83808,.84439,.15561,-1.19238,1.64935,.40398,-.27898,-1.05256,-1.01373,1806.60617,319.39383,.78843,.64107,2276.44895,1984.55105,1.28082,2.44159,4.60711,-.60711,-1.59093,-.75176,5.61321,.24393,-.12352,.45270,4.57221,-.19721,-.67106,-.29478,4.68998,1.43502,-.03328,1.28974,4.89630,-.20065,-.93602,-.43221,1.11587,-1.43668,.82547,2.80344,-.96621,.46097,-.48248,1.32728,-.64495,-.94148,-1.47729,.02891,1.11121,-1.11121,-1.02526,-.83808,,,,1.11587,-1.43668,.82547,2.80344,-.96621,.46097,-.48248,1.32728,-.64495,-.94148,-1.47729,.02891,-1.11121,-.83808,,1.11587,-1.43668,.82547,2.80344,-.96621,.46097,-.48248,1.32728,-.64495,-.94148,-1.47729,.02891,-1.11121,-.83808,,1.88181,-2.54463,,,,,,,,,,,,.06265,.12932,.06384,.02412,.01103,.16003,.06384,.06384,.06384,.02412,.01103,.16003,.02,.06,1.37,-1.22,.04,.03
168,2,1.00,16.60,7,77,23,2,1,,,.8000,,,.3750,.43,,,1388.00,,,1645.00,-257.00,4.62500000,4.62500000,5.42857143,5.42857143,4.00000000,4.00000000,5.25000000,5.25000000,4.65217391,4.65217391,32.00,2477.00,1554.00,-923.00,-.73967,-.60551,-.70241,-.46665,-.17633,-.33497,-1.03822,.56366,-.73750,2.30044,.98578,-.73967,-.60551,-.70241,-.46665,-.17633,-.33497,-1.03822,.56366,-.73750,.82380,-1.36408,.83843,.06945,-.06945,.95911,-.83808,.82733,-.02733,-1.67301,-.28970,.34666,.02834,-1.50281,.10298,1867.92894,-479.92894,1.56032,-.96329,2317.55128,-672.55128,1.51233,-.82744,4.68282,-.05782,-.89795,-.07160,5.52725,-.09868,-.93808,-.18314,4.49255,-.49255,-1.04931,-.73624,4.54933,.70067,-1.06639,.62974,4.86818,-.21600,-1.15954,-.46528,-.73967,-.60551,-.70241,-.46665,-.17633,-.33497,-1.03822,.56366,-.73750,.82380,-1.36408,.83843,.06945,-.06945,.95911,-.83808,-.81609,,,-.73967,-.60551,-.70241,-.46665,-.17633,-.33497,-1.03822,.56366,-.73750,.82380,-1.36408,.83843,-.06945,-.83808,-.81609,-.73967,-.60551,-.70241,-.46665,-.17633,-.33497,-1.03822,.56366,-.73750,.82380,-1.36408,.83843,-.06945,-.83808,-.81609,.34884,.04696,.00781,.03170,.03170,.00976,.00197,.00781,.03170,.00976,.00197,.05296,.10458,.00096,.00152,.00184,.00023,.02193,.01618,.00184,.00184,.00184,.00023,.02193,.01618,.02,.06,-.52,-.37,.01,.00
169,2,1.00,20.27,7,90,10,1,1,1.0000,.9566,.9566,.8750,.8750,.8750,.08,1299.0000,1421.50,1421.50,1912.0000,1761.00,1761.00,-339.50,5.12500000,5.12500000,6.00000000,6.00000000,4.00000000,4.00000000,3.75000000,3.75000000,5.00000000,5.00000000,137.00,2538.33,1762.50,-775.83,.71322,1.05683,-.63305,-.32164,.45556,.72628,-1.03822,-.74539,.00292,5.58388,.78073,.71322,1.05683,-.63305,-.32164,.45556,.72628,-1.03822,-.74539,.00292,.82380,.02082,.83843,.78223,-.78223,-1.02526,-.83808,.86787,.08873,-.53091,.94044,.54807,.32693,.07924,1.18794,1752.47096,-330.97096,.10701,-.66431,2055.22644,-294.22644,.03478,-.36199,4.67971,.44529,-.92644,.55139,5.53803,.46197,-.83596,.85736,4.48427,-.48427,-1.08860,-.72387,4.61655,-.86655,-.57265,-.77882,4.87396,.12604,-1.11360,.27151,.71322,1.05683,-.63305,-.32164,.45556,.72628,-1.03822,-.74539,.00292,.82380,.02082,.83843,.78223,-.78223,-1.02526,-.83808,,,,.71322,1.05683,-.63305,-.32164,.45556,.72628,-1.03822,-.74539,.00292,.82380,.02082,.83843,-.78223,-.83808,,.71322,1.05683,-.63305,-.32164,.45556,.72628,-1.03822,-.74539,.00292,.82380,.02082,.83843,-.78223,-.83808,,-.82099,-.06689,,,,,,,,,,,,.00976,.00003,.01076,.01717,.00578,.00172,.01076,.01076,.01076,.01717,.00578,.00172,.02,.06,.96,1.32,.02,.04
170,1,2.00,23.43,4,100,0,1,1,,,1.0000,,,.6250,.38,,,1615.00,,,1320.00,295.00,6.25000000,6.25000000,5.28571429,5.28571429,5.25000000,5.25000000,3.37500000,3.37500000,5.60869565,5.60869565,999.00,2242.00,1216.33,-1025.67,1.11587,.22566,-.23245,-.87291,1.87733,-.60028,.81425,-1.07265,1.29866,8.17665,.51645,1.11587,.22566,-.23245,-.87291,1.87733,-.60028,.81425,-1.07265,1.29866,-.94148,1.21326,-1.59012,1.33053,-1.33053,-1.02526,-.83808,.95949,.04051,2.04984,.42940,.78223,-.15723,1.91848,-.57133,1557.50965,57.49035,-2.34704,.11539,1763.86894,-443.86894,-1.60629,-.54609,4.76176,1.48824,-.17547,1.84285,5.80513,-.51941,1.69501,-.96397,4.97021,.27979,1.21871,.41822,4.98708,-1.61208,2.14885,-1.44888,5.15697,.45172,1.13556,.97304,1.11587,.22566,-.23245,-.87291,1.87733,-.60028,.81425,-1.07265,1.29866,-.94148,1.21326,-1.59012,1.33053,-1.33053,-1.02526,-.83808,,,,1.11587,.22566,-.23245,-.87291,1.87733,-.60028,.81425,-1.07265,1.29866,-.94148,1.21326,-1.59012,-1.33053,-.83808,,1.11587,.22566,-.23245,-.87291,1.87733,-.60028,.81425,-1.07265,1.29866,-.94148,1.21326,-1.59012,-1.33053,-.83808,,.17851,.80870,,,,,,,,,,,,.02702,.02706,.00901,.01596,.00082,.01848,.00901,.00901,.00901,.01596,.00082,.01848,.02,.05,.92,.01,.02,.00
171,1,1.00,18.30,6,93,7,1,1,,,.9167,,,.7500,.17,,,1317.50,,,1756.00,-438.50,6.00000000,6.00000000,6.00000000,6.00000000,5.37500000,5.37500000,5.62500000,5.62500000,5.78260870,5.78260870,174.00,2478.33,1484.67,-993.66,.34304,.64124,-.84837,1.23340,1.56138,.72628,.99949,.89093,1.66887,4.34915,.88697,.34304,.64124,-.84837,-.32789,1.56138,.72628,.99949,.89093,1.66887,-.94148,-.72257,.02891,.94672,-.94672,-1.02526,-.83808,.86576,.05094,-.59045,.53993,.48736,.26264,-.39769,.95437,1762.86478,-445.36478,.23784,-.89392,2153.56100,-397.56100,.58865,-.48912,4.65677,1.34323,-1.13635,1.66328,5.61864,.38136,-.07209,.70775,4.60978,.76522,-.49269,1.14382,4.70595,.91905,.08398,.82601,4.93104,.85157,-.65998,1.83434,.34304,.64124,-.84837,-.32789,1.56138,.72628,.99949,.89093,1.66887,-.94148,-.72257,.02891,.94672,-.94672,-1.02526,-.83808,-.55583,,,.34304,.64124,-.84837,-.32789,1.56138,.72628,.99949,.89093,1.66887,-.94148,-.72257,.02891,-.94672,-.83808,-.55583,.34304,.64124,-.84837,-.32789,1.56138,.72628,.99949,.89093,1.66887,-.94148,-.72257,.02891,-.94672,-.83808,-.55583,-.53108,-.20351,.02373,.00039,.00039,.00597,.02665,.02373,.00039,.00597,.02665,.03109,.02025,.00768,.00006,.00354,.01105,.01109,.00332,.00354,.00354,.00354,.01105,.01109,.00332,.02,.06,.58,.90,.01,.02
172,1,2.00,20.90,7,96,4,1,1,,,.6190,,,.2500,.37,,,1456.00,,,1837.00,-381.00,4.62500000,4.62500000,5.57142857,5.57142857,3.87500000,3.87500000,5.12500000,5.12500000,4.65217391,4.65217391,60.00,999.00,999.00,999.00,-2.41893,-1.02110,-.56163,-.22664,-.17633,-.06966,-1.22346,.45458,-.73750,8.43389,.49108,-2.41893,-1.02110,-.56163,-.22664,-.17633,-.06966,-1.22346,.45458,-.73750,-.94148,.25855,.83843,1.11121,-1.11121,-1.02526,-.83808,.87511,-.25611,-.32720,-2.71459,.59251,-.34251,.42828,-1.24458,1725.48453,-269.48453,-.23268,-.54090,2002.69599,-165.69599,-.26109,-.20386,4.65998,-.03498,-1.10700,-.04332,5.54004,.03138,-.81686,.05825,4.46713,-.59213,-1.17000,-.88509,4.63581,.48919,-.43116,.43966,4.86315,-.21097,-1.19951,-.45445,-2.41893,-1.02110,-.56163,-.22664,-.17633,-.06966,-1.22346,.45458,-.73750,-.94148,.25855,.83843,1.11121,-1.11121,-1.02526,-.83808,,,,-2.41893,-1.02110,-.56163,-.22664,-.17633,-.06966,-1.22346,.45458,-.73750,-.94148,.25855,.83843,-1.11121,-.83808,,-2.41893,-1.02110,-.56163,-.22664,-.17633,-.06966,-1.22346,.45458,-.73750,-.94148,.25855,.83843,-1.11121,-.83808,,.15807,-.12416,,,,,,,,,,,,.00173,.00033,.12105,.02544,.00509,.00072,.12105,.12105,.12105,.02544,.00509,.00072,.02,.05,-2.66,-1.26,.13,.03
173,1,1.00,19.80,7,89,11,1,1,.8750,.8750,.8750,.7500,.7500,.7500,.13,3105.5000,3105.50,3105.50,1659.0000,1659.00,1659.00,1446.50,4.37500000,4.37500000,5.28571429,5.28571429,5.12500000,5.12500000,2.37500000,2.37500000,4.91304348,4.91304348,999.00,2580.00,1365.33,-1214.67,-.04384,.64124,2.85333,-.44915,-.49228,-.60028,.62900,-1.94536,-.18219,14.34521,.11056,-.04384,.64124,2.85333,-.44915,-.49228,-.60028,.62900,-1.94536,-.18219,-.94148,-.15654,.83843,.72740,-.72740,-1.02526,-.83808,.86273,.01227,-.67582,.13005,.52402,.22598,-.10970,.82114,1765.99273,1339.50727,.27722,2.68860,2087.49810,-428.49810,.21655,-.52718,4.67672,-.30172,-.95378,-.37361,5.53668,-.25096,-.84876,-.46576,4.48256,.64244,-1.09674,.96030,4.60930,-2.23430,-.62587,-2.00811,4.87113,.04191,-1.13604,.09028,-.04384,.64124,2.85333,-.44915,-.49228,-.60028,.62900,-1.94536,-.18219,-.94148,-.15654,.83843,.72740,-.72740,-1.02526,-.83808,,,,-.04384,.64124,2.85333,-.44915,-.49228,-.60028,.62900,-1.94536,-.18219,-.94148,-.15654,.83843,-.72740,-.83808,,-.04384,.64124,2.85333,-.44915,-.49228,-.60028,.62900,-1.94536,-.18219,-.94148,-.15654,.83843,-.72740,-.83808,,-.67314,2.39774,,,,,,,,,,,,.00768,.07007,.00020,.00802,.09327,.00359,.00020,.00020,.00020,.00802,.09327,.00359,.02,.06,.19,.90,.00,.02
175,2,1.00,17.17,7,62,38,2,2,,,.8261,,,.1667,.66,,,1391.00,,,2370.00,-979.00,5.14285714,5.14285714,5.00000000,5.00000000,3.37500000,3.37500000,6.00000000,6.00000000,4.45454546,4.45454546,999.00,999.00,999.00,999.00,-.49752,-1.29805,-.69620,.43963,.47813,-1.13091,-1.96445,1.21819,-1.15820,15.04636,.08967,-.49752,-1.29805,-.69620,.43963,.47813,-1.13091,-1.96445,1.21819,-1.15820,.82380,-1.14899,.83843,-.75299,.75299,.95911,1.17331,.83240,-.00630,-1.53018,-.06679,.33340,-.16670,-1.60692,-.60575,1882.36339,-491.36339,1.74202,-.98624,2310.67717,59.32283,1.47361,.07298,4.76902,.37384,-.10900,.46291,5.52817,-.52817,-.92933,-.98023,4.56227,-1.18727,-.71825,-1.77469,4.52488,1.47512,-1.24592,1.32578,4.92238,-.46783,-.72881,-1.00774,-.49752,-1.29805,-.69620,.43963,.47813,-1.13091,-1.96445,1.21819,-1.15820,.82380,-1.14899,.83843,-.75299,.75299,.95911,1.17331,,,,-.49752,-1.29805,-.69620,.43963,.47813,-1.13091,-1.96445,1.21819,-1.15820,.82380,-1.14899,.83843,.75299,1.17331,,-.49752,-1.29805,-.69620,.43963,.47813,-1.13091,-1.96445,1.21819,-1.15820,.82380,-1.14899,.83843,.75299,1.17331,,1.14735,-.94938,,,,,,,,,,,,.00853,.01342,.00010,.00860,.02478,.00014,.00010,.00010,.00010,.00860,.02478,.00014,.02,.06,-.27,-1.07,.00,.02
176,1,1.00,17.30,7,80,20,2,1,,,.7727,,,.4286,.34,,,1625.50,,,1933.50,-308.00,4.75000000,4.75000000,5.71428571,5.71428571,4.25000000,4.25000000,5.87500000,5.87500000,4.86956217,4.86956217,999.00,1698.00,2169.00,471.00,-.99295,-.42731,-.21071,-.10601,-.01836,.19566,-.66772,1.10910,-.27475,2.63830,.97693,-.99295,-.42731,-.21071,-.10601,-.01836,.19566,-.66772,1.10910,-.27475,-.94148,-1.09993,.83843,.23394,-.23394,.95911,-.83808,.83510,-.06240,-1.45411,-.66143,.38644,.04216,-1.19036,.15320,1844.91723,-219.41723,1.27067,-.44041,2266.48089,-332.98089,1.22467,-.40967,4.67958,.07042,-.92765,.08720,5.52933,.18496,-.91838,.34325,4.48880,-.23880,-1.06711,-.35695,4.56322,1.31178,-.96438,1.17898,4.86765,.00191,-1.16373,.00412,-.99295,-.42731,-.21071,-.10601,-.01836,.19566,-.66772,1.10910,-.27475,-.94148,-1.09993,.83843,.23394,-.23394,.95911,-.83808,,,,-.99295,-.42731,-.21071,-.10601,-.01836,.19566,-.66772,1.10910,-.27475,-.94148,-1.09993,.83843,-.23394,-.83808,,-.99295,-.42731,-.21071,-.10601,-.01836,.19566,-.66772,1.10910,-.27475,-.94148,-1.09993,.83843,-.23394,-.83808,,.07325,-.02342,,,,,,,,,,,,.00268,.00042,.00759,.00041,.00366,.00317,.00759,.00759,.00759,.00041,.00366,.00317,.02,.06,-.78,-.19,.01,.00
179,2,1.00,17.00,7,77,23,2,1,.8330,.8333,.8333,.2500,.2500,.2500,.58,1534.0000,1534.00,1534.00,1900.0000,1900.00,1900.00,-366.00,5.71428571,5.71428571,4.71428571,4.71428571,5.00000000,5.00000000,4.62500000,4.62500000,5.13636364,5.13636364,999.00,999.00,999.00,999.00,-.43072,-1.02110,-.40015,-.14789,1.20030,-1.66153,.44375,.01823,.29320,12.82408,.17073,-.43072,-1.02110,-.40015,-.14789,1.20030,-1.66153,.44375,.01823,.29320,.82380,-1.21314,.83843,.06945,-.06945,.95911,-.83808,.83165,.00165,-1.55141,.01751,.36490,-.11490,-1.35951,-.41753,1858.03959,-324.03959,1.43584,-.65040,2291.77968,-391.77968,1.36717,-.48201,4.68970,1.02459,-.83501,1.26872,5.52836,-.81408,-.92754,-1.51083,4.49756,.50244,-1.02552,.75103,4.55375,.07125,-1.03391,.06404,4.87324,.26312,-1.11927,.56678,-.43072,-1.02110,-.40015,-.14789,1.20030,-1.66153,.44375,.01823,.29320,.82380,-1.21314,.83843,.06945,-.06945,.95911,-.83808,,,,-.43072,-1.02110,-.40015,-.14789,1.20030,-1.66153,.44375,.01823,.29320,.82380,-1.21314,.83843,-.06945,-.83808,,-.43072,-1.02110,-.40015,-.14789,1.20030,-1.66153,.44375,.01823,.29320,.82380,-1.21314,.83843,-.06945,-.83808,,.88811,-.10346,,,,,,,,,,,,.00368,.00017,.00001,.00334,.00877,.00482,.00001,.00001,.00001,.00334,.00877,.00482,.02,.06,-.20,-.79,.00,.01
