"id","age.y","gender.y","trialVar","accu","respTime","income","domlanguagepercent","nondomlanguagepercent","category25","trialNo","age_c","nondom_c"
101,23.13,1,"prpt",1,1582,6,99,1,"uni",1,2.35196917808219,-21.9272260273973
101,23.13,1,"prpt",1,2328,6,99,1,"uni",2,2.35196917808219,-21.9272260273973
101,23.13,1,"prpt",1,1792,6,99,1,"uni",3,2.35196917808219,-21.9272260273973
101,23.13,1,"prpt",1,1373,6,99,1,"uni",4,2.35196917808219,-21.9272260273973
101,23.13,1,"prpt",1,1688,6,99,1,"uni",5,2.35196917808219,-21.9272260273973
101,23.13,1,"inhb",1,2975,6,99,1,"uni",6,2.35196917808219,-21.9272260273973
101,23.13,1,"inhb",1,1513,6,99,1,"uni",7,2.35196917808219,-21.9272260273973
101,23.13,1,"prpt",1,2839,6,99,1,"uni",8,2.35196917808219,-21.9272260273973
101,23.13,1,"inhb",1,2959,6,99,1,"uni",9,2.35196917808219,-21.9272260273973
101,23.13,1,"inhb",1,1245,6,99,1,"uni",10,2.35196917808219,-21.9272260273973
101,23.13,1,"prpt",1,1795,6,99,1,"uni",11,2.35196917808219,-21.9272260273973
101,23.13,1,"prpt",1,1363,6,99,1,"uni",12,2.35196917808219,-21.9272260273973
101,23.13,1,"prpt",1,1659,6,99,1,"uni",13,2.35196917808219,-21.9272260273973
101,23.13,1,"prpt",1,1334,6,99,1,"uni",15,2.35196917808219,-21.9272260273973
101,23.13,1,"inhb",1,1638,6,99,1,"uni",16,2.35196917808219,-21.9272260273973
101,23.13,1,"inhb",1,2021,6,99,1,"uni",17,2.35196917808219,-21.9272260273973
101,23.13,1,"prpt",1,2373,6,99,1,"uni",18,2.35196917808219,-21.9272260273973
101,23.13,1,"prpt",1,2190,6,99,1,"uni",19,2.35196917808219,-21.9272260273973
101,23.13,1,"prpt",1,1545,6,99,1,"uni",20,2.35196917808219,-21.9272260273973
101,23.13,1,"prpt",1,1912,6,99,1,"uni",22,2.35196917808219,-21.9272260273973
101,23.13,1,"prpt",1,1933,6,99,1,"uni",23,2.35196917808219,-21.9272260273973
101,23.13,1,"prpt",1,1629,6,99,1,"uni",24,2.35196917808219,-21.9272260273973
101,23.13,1,"prpt",1,4242,6,99,1,"uni",25,2.35196917808219,-21.9272260273973
101,23.13,1,"prpt",1,1598,6,99,1,"uni",26,2.35196917808219,-21.9272260273973
101,23.13,1,"inhb",1,2243,6,99,1,"uni",27,2.35196917808219,-21.9272260273973
101,23.13,1,"prpt",1,1561,6,99,1,"uni",28,2.35196917808219,-21.9272260273973
101,23.13,1,"prpt",1,3111,6,99,1,"uni",29,2.35196917808219,-21.9272260273973
101,23.13,1,"prpt",1,1719,6,99,1,"uni",30,2.35196917808219,-21.9272260273973
101,23.13,1,"prpt",1,1735,6,99,1,"uni",31,2.35196917808219,-21.9272260273973
101,23.13,1,"prpt",1,1921,6,99,1,"uni",32,2.35196917808219,-21.9272260273973
102,20.33,1,NA,1,3932,6,47,53,"bi",1,-0.448030821917811,30.0727739726027
102,20.33,1,"prpt",1,4082,6,47,53,"bi",1,-0.448030821917811,30.0727739726027
102,20.33,1,"prpt",1,3262,6,47,53,"bi",3,-0.448030821917811,30.0727739726027
102,20.33,1,"prpt",1,4970,6,47,53,"bi",5,-0.448030821917811,30.0727739726027
102,20.33,1,"inhb",1,4196,6,47,53,"bi",6,-0.448030821917811,30.0727739726027
102,20.33,1,"prpt",1,2484,6,47,53,"bi",8,-0.448030821917811,30.0727739726027
102,20.33,1,"prpt",1,2471,6,47,53,"bi",9,-0.448030821917811,30.0727739726027
102,20.33,1,"prpt",1,2815,6,47,53,"bi",10,-0.448030821917811,30.0727739726027
102,20.33,1,"prpt",1,2078,6,47,53,"bi",11,-0.448030821917811,30.0727739726027
102,20.33,1,"prpt",1,1894,6,47,53,"bi",13,-0.448030821917811,30.0727739726027
102,20.33,1,"prpt",1,863,6,47,53,"bi",14,-0.448030821917811,30.0727739726027
102,20.33,1,"prpt",1,1297,6,47,53,"bi",15,-0.448030821917811,30.0727739726027
102,20.33,1,"prpt",1,1383,6,47,53,"bi",17,-0.448030821917811,30.0727739726027
102,20.33,1,"inhb",1,3536,6,47,53,"bi",20,-0.448030821917811,30.0727739726027
102,20.33,1,"prpt",1,1211,6,47,53,"bi",22,-0.448030821917811,30.0727739726027
102,20.33,1,"prpt",1,3354,6,47,53,"bi",23,-0.448030821917811,30.0727739726027
102,20.33,1,"prpt",1,1507,6,47,53,"bi",24,-0.448030821917811,30.0727739726027
102,20.33,1,"prpt",1,4836,6,47,53,"bi",25,-0.448030821917811,30.0727739726027
102,20.33,1,"prpt",1,2831,6,47,53,"bi",28,-0.448030821917811,30.0727739726027
102,20.33,1,"prpt",1,1036,6,47,53,"bi",29,-0.448030821917811,30.0727739726027
102,20.33,1,"inhb",1,3812,6,47,53,"bi",31,-0.448030821917811,30.0727739726027
102,20.33,1,"prpt",1,1996,6,47,53,"bi",32,-0.448030821917811,30.0727739726027
104,20.96,1,"prpt",1,2817,7,94,6,"uni",1,0.181969178082191,-16.9272260273973
104,20.96,1,"prpt",1,1780,7,94,6,"uni",2,0.181969178082191,-16.9272260273973
104,20.96,1,"prpt",1,2147,7,94,6,"uni",3,0.181969178082191,-16.9272260273973
104,20.96,1,"prpt",1,4231,7,94,6,"uni",4,0.181969178082191,-16.9272260273973
104,20.96,1,"prpt",1,3839,7,94,6,"uni",5,0.181969178082191,-16.9272260273973
104,20.96,1,"prpt",1,4342,7,94,6,"uni",7,0.181969178082191,-16.9272260273973
104,20.96,1,"prpt",1,4683,7,94,6,"uni",9,0.181969178082191,-16.9272260273973
104,20.96,1,"prpt",1,3095,7,94,6,"uni",10,0.181969178082191,-16.9272260273973
104,20.96,1,"prpt",1,3672,7,94,6,"uni",11,0.181969178082191,-16.9272260273973
104,20.96,1,"inhb",1,4397,7,94,6,"uni",12,0.181969178082191,-16.9272260273973
104,20.96,1,"inhb",1,2220,7,94,6,"uni",13,0.181969178082191,-16.9272260273973
104,20.96,1,"prpt",1,3321,7,94,6,"uni",14,0.181969178082191,-16.9272260273973
104,20.96,1,"prpt",1,3058,7,94,6,"uni",18,0.181969178082191,-16.9272260273973
104,20.96,1,"inhb",1,3955,7,94,6,"uni",19,0.181969178082191,-16.9272260273973
104,20.96,1,"prpt",1,3467,7,94,6,"uni",20,0.181969178082191,-16.9272260273973
104,20.96,1,"inhb",1,3005,7,94,6,"uni",21,0.181969178082191,-16.9272260273973
104,20.96,1,"prpt",1,4825,7,94,6,"uni",22,0.181969178082191,-16.9272260273973
104,20.96,1,"prpt",1,3605,7,94,6,"uni",23,0.181969178082191,-16.9272260273973
104,20.96,1,"inhb",1,3365,7,94,6,"uni",24,0.181969178082191,-16.9272260273973
104,20.96,1,"inhb",1,2130,7,94,6,"uni",25,0.181969178082191,-16.9272260273973
104,20.96,1,"prpt",1,3957,7,94,6,"uni",26,0.181969178082191,-16.9272260273973
104,20.96,1,"prpt",1,3635,7,94,6,"uni",27,0.181969178082191,-16.9272260273973
104,20.96,1,"inhb",1,2576,7,94,6,"uni",29,0.181969178082191,-16.9272260273973
104,20.96,1,"prpt",1,2557,7,94,6,"uni",30,0.181969178082191,-16.9272260273973
104,20.96,1,"prpt",1,4615,7,94,6,"uni",31,0.181969178082191,-16.9272260273973
104,20.96,1,"prpt",1,1987,7,94,6,"uni",32,0.181969178082191,-16.9272260273973
107,17.63,2,NA,1,3787,7,55,45,"bi",1,-3.14803082191781,22.0727739726027
107,17.63,2,"prpt",1,2063,7,55,45,"bi",3,-3.14803082191781,22.0727739726027
107,17.63,2,"prpt",1,2002,7,55,45,"bi",4,-3.14803082191781,22.0727739726027
107,17.63,2,"prpt",1,3648,7,55,45,"bi",5,-3.14803082191781,22.0727739726027
107,17.63,2,"prpt",1,2551,7,55,45,"bi",7,-3.14803082191781,22.0727739726027
107,17.63,2,"inhb",1,1306,7,55,45,"bi",8,-3.14803082191781,22.0727739726027
107,17.63,2,"prpt",1,3625,7,55,45,"bi",10,-3.14803082191781,22.0727739726027
107,17.63,2,"prpt",1,912,7,55,45,"bi",12,-3.14803082191781,22.0727739726027
107,17.63,2,"inhb",1,1095,7,55,45,"bi",14,-3.14803082191781,22.0727739726027
107,17.63,2,"prpt",1,3293,7,55,45,"bi",15,-3.14803082191781,22.0727739726027
107,17.63,2,"prpt",1,715,7,55,45,"bi",20,-3.14803082191781,22.0727739726027
107,17.63,2,"inhb",1,2660,7,55,45,"bi",21,-3.14803082191781,22.0727739726027
107,17.63,2,"prpt",1,2127,7,55,45,"bi",22,-3.14803082191781,22.0727739726027
107,17.63,2,"prpt",1,1605,7,55,45,"bi",23,-3.14803082191781,22.0727739726027
107,17.63,2,"prpt",1,372,7,55,45,"bi",25,-3.14803082191781,22.0727739726027
107,17.63,2,"prpt",1,2664,7,55,45,"bi",26,-3.14803082191781,22.0727739726027
107,17.63,2,"prpt",1,1926,7,55,45,"bi",28,-3.14803082191781,22.0727739726027
110,23.66,2,NA,1,1627,7,50,50,"bi",1,2.88196917808219,27.0727739726027
110,23.66,2,NA,1,1567,7,50,50,"bi",1,2.88196917808219,27.0727739726027
110,23.66,2,NA,1,2670,7,50,50,"bi",1,2.88196917808219,27.0727739726027
110,23.66,2,NA,1,4072,7,50,50,"bi",1,2.88196917808219,27.0727739726027
110,23.66,2,NA,1,2412,7,50,50,"bi",1,2.88196917808219,27.0727739726027
110,23.66,2,NA,1,1638,7,50,50,"bi",1,2.88196917808219,27.0727739726027
110,23.66,2,"prpt",1,2047,7,50,50,"bi",1,2.88196917808219,27.0727739726027
110,23.66,2,"prpt",1,1316,7,50,50,"bi",2,2.88196917808219,27.0727739726027
110,23.66,2,"prpt",1,1428,7,50,50,"bi",3,2.88196917808219,27.0727739726027
110,23.66,2,"prpt",1,1321,7,50,50,"bi",9,2.88196917808219,27.0727739726027
110,23.66,2,"prpt",1,4583,7,50,50,"bi",10,2.88196917808219,27.0727739726027
110,23.66,2,"prpt",1,1783,7,50,50,"bi",11,2.88196917808219,27.0727739726027
110,23.66,2,"prpt",1,1414,7,50,50,"bi",14,2.88196917808219,27.0727739726027
110,23.66,2,"prpt",1,1794,7,50,50,"bi",15,2.88196917808219,27.0727739726027
110,23.66,2,"prpt",1,611,7,50,50,"bi",16,2.88196917808219,27.0727739726027
110,23.66,2,"prpt",1,1098,7,50,50,"bi",19,2.88196917808219,27.0727739726027
110,23.66,2,"prpt",1,884,7,50,50,"bi",22,2.88196917808219,27.0727739726027
110,23.66,2,"prpt",1,1641,7,50,50,"bi",25,2.88196917808219,27.0727739726027
110,23.66,2,"prpt",1,2187,7,50,50,"bi",26,2.88196917808219,27.0727739726027
110,23.66,2,"inhb",1,735,7,50,50,"bi",28,2.88196917808219,27.0727739726027
110,23.66,2,"prpt",1,2766,7,50,50,"bi",30,2.88196917808219,27.0727739726027
110,23.66,2,"prpt",1,1635,7,50,50,"bi",32,2.88196917808219,27.0727739726027
112,23,3,NA,1,3938,7,65,35,"bi",1,2.22196917808219,12.0727739726027
112,23,3,"prpt",1,2072,7,65,35,"bi",1,2.22196917808219,12.0727739726027
112,23,3,"prpt",1,1532,7,65,35,"bi",2,2.22196917808219,12.0727739726027
112,23,3,"prpt",1,755,7,65,35,"bi",3,2.22196917808219,12.0727739726027
112,23,3,"prpt",1,2602,7,65,35,"bi",5,2.22196917808219,12.0727739726027
112,23,3,"prpt",1,1641,7,65,35,"bi",6,2.22196917808219,12.0727739726027
112,23,3,"prpt",1,1471,7,65,35,"bi",11,2.22196917808219,12.0727739726027
112,23,3,"prpt",1,1462,7,65,35,"bi",12,2.22196917808219,12.0727739726027
112,23,3,"prpt",1,951,7,65,35,"bi",13,2.22196917808219,12.0727739726027
112,23,3,"inhb",1,1313,7,65,35,"bi",14,2.22196917808219,12.0727739726027
112,23,3,"prpt",1,1568,7,65,35,"bi",16,2.22196917808219,12.0727739726027
112,23,3,"prpt",1,1602,7,65,35,"bi",18,2.22196917808219,12.0727739726027
112,23,3,"prpt",1,1065,7,65,35,"bi",19,2.22196917808219,12.0727739726027
112,23,3,"prpt",1,1650,7,65,35,"bi",21,2.22196917808219,12.0727739726027
112,23,3,"prpt",1,418,7,65,35,"bi",22,2.22196917808219,12.0727739726027
112,23,3,"prpt",1,1220,7,65,35,"bi",23,2.22196917808219,12.0727739726027
112,23,3,"prpt",1,1725,7,65,35,"bi",26,2.22196917808219,12.0727739726027
112,23,3,"prpt",1,1768,7,65,35,"bi",27,2.22196917808219,12.0727739726027
112,23,3,"prpt",1,1488,7,65,35,"bi",28,2.22196917808219,12.0727739726027
112,23,3,"inhb",1,1915,7,65,35,"bi",29,2.22196917808219,12.0727739726027
112,23,3,"prpt",1,1762,7,65,35,"bi",30,2.22196917808219,12.0727739726027
112,23,3,"prpt",1,1265,7,65,35,"bi",31,2.22196917808219,12.0727739726027
112,23,3,"prpt",1,1169,7,65,35,"bi",32,2.22196917808219,12.0727739726027
114,21.03,1,NA,1,4599,6,93,7,"uni",1,0.251969178082192,-15.9272260273973
114,21.03,1,"prpt",1,1352,6,93,7,"uni",1,0.251969178082192,-15.9272260273973
114,21.03,1,"prpt",1,1504,6,93,7,"uni",2,0.251969178082192,-15.9272260273973
114,21.03,1,"prpt",1,1303,6,93,7,"uni",3,0.251969178082192,-15.9272260273973
114,21.03,1,"prpt",1,1222,6,93,7,"uni",4,0.251969178082192,-15.9272260273973
114,21.03,1,"prpt",1,1475,6,93,7,"uni",5,0.251969178082192,-15.9272260273973
114,21.03,1,"inhb",1,1572,6,93,7,"uni",6,0.251969178082192,-15.9272260273973
114,21.03,1,"prpt",1,1068,6,93,7,"uni",7,0.251969178082192,-15.9272260273973
114,21.03,1,"prpt",1,1385,6,93,7,"uni",8,0.251969178082192,-15.9272260273973
114,21.03,1,"prpt",1,1626,6,93,7,"uni",10,0.251969178082192,-15.9272260273973
114,21.03,1,"prpt",1,1937,6,93,7,"uni",11,0.251969178082192,-15.9272260273973
114,21.03,1,"prpt",1,1274,6,93,7,"uni",12,0.251969178082192,-15.9272260273973
114,21.03,1,"prpt",1,1384,6,93,7,"uni",13,0.251969178082192,-15.9272260273973
114,21.03,1,"prpt",1,1140,6,93,7,"uni",14,0.251969178082192,-15.9272260273973
114,21.03,1,"inhb",1,1330,6,93,7,"uni",15,0.251969178082192,-15.9272260273973
114,21.03,1,"prpt",1,2677,6,93,7,"uni",16,0.251969178082192,-15.9272260273973
114,21.03,1,"prpt",1,1100,6,93,7,"uni",17,0.251969178082192,-15.9272260273973
114,21.03,1,"prpt",1,2199,6,93,7,"uni",19,0.251969178082192,-15.9272260273973
114,21.03,1,"inhb",1,1368,6,93,7,"uni",21,0.251969178082192,-15.9272260273973
114,21.03,1,"prpt",1,1475,6,93,7,"uni",22,0.251969178082192,-15.9272260273973
114,21.03,1,"inhb",1,1556,6,93,7,"uni",23,0.251969178082192,-15.9272260273973
114,21.03,1,"prpt",1,1664,6,93,7,"uni",24,0.251969178082192,-15.9272260273973
114,21.03,1,"prpt",1,1263,6,93,7,"uni",25,0.251969178082192,-15.9272260273973
114,21.03,1,"prpt",1,1285,6,93,7,"uni",26,0.251969178082192,-15.9272260273973
114,21.03,1,"prpt",1,2091,6,93,7,"uni",27,0.251969178082192,-15.9272260273973
114,21.03,1,"prpt",1,1284,6,93,7,"uni",28,0.251969178082192,-15.9272260273973
114,21.03,1,"inhb",1,1458,6,93,7,"uni",30,0.251969178082192,-15.9272260273973
114,21.03,1,"prpt",1,1237,6,93,7,"uni",31,0.251969178082192,-15.9272260273973
114,21.03,1,"prpt",1,1357,6,93,7,"uni",32,0.251969178082192,-15.9272260273973
115,19.83,3,NA,1,2960,5,98,2,"uni",1,-0.948030821917811,-20.9272260273973
115,19.83,3,"prpt",1,1497,5,98,2,"uni",1,-0.948030821917811,-20.9272260273973
115,19.83,3,"prpt",1,3541,5,98,2,"uni",2,-0.948030821917811,-20.9272260273973
115,19.83,3,"prpt",1,1516,5,98,2,"uni",3,-0.948030821917811,-20.9272260273973
115,19.83,3,"prpt",1,1498,5,98,2,"uni",4,-0.948030821917811,-20.9272260273973
115,19.83,3,"prpt",1,1160,5,98,2,"uni",6,-0.948030821917811,-20.9272260273973
115,19.83,3,"prpt",1,1584,5,98,2,"uni",7,-0.948030821917811,-20.9272260273973
115,19.83,3,"prpt",1,1814,5,98,2,"uni",8,-0.948030821917811,-20.9272260273973
115,19.83,3,"prpt",1,1826,5,98,2,"uni",9,-0.948030821917811,-20.9272260273973
115,19.83,3,"inhb",1,2061,5,98,2,"uni",10,-0.948030821917811,-20.9272260273973
115,19.83,3,"prpt",1,1804,5,98,2,"uni",11,-0.948030821917811,-20.9272260273973
115,19.83,3,"prpt",1,1389,5,98,2,"uni",12,-0.948030821917811,-20.9272260273973
115,19.83,3,"inhb",1,1766,5,98,2,"uni",13,-0.948030821917811,-20.9272260273973
115,19.83,3,"inhb",1,1464,5,98,2,"uni",14,-0.948030821917811,-20.9272260273973
115,19.83,3,"prpt",1,1654,5,98,2,"uni",15,-0.948030821917811,-20.9272260273973
115,19.83,3,"inhb",1,1655,5,98,2,"uni",16,-0.948030821917811,-20.9272260273973
115,19.83,3,"prpt",1,2225,5,98,2,"uni",17,-0.948030821917811,-20.9272260273973
115,19.83,3,"inhb",1,1846,5,98,2,"uni",18,-0.948030821917811,-20.9272260273973
115,19.83,3,"prpt",1,2415,5,98,2,"uni",19,-0.948030821917811,-20.9272260273973
115,19.83,3,"prpt",1,1471,5,98,2,"uni",20,-0.948030821917811,-20.9272260273973
115,19.83,3,"prpt",1,1069,5,98,2,"uni",21,-0.948030821917811,-20.9272260273973
115,19.83,3,"prpt",1,1345,5,98,2,"uni",22,-0.948030821917811,-20.9272260273973
115,19.83,3,"prpt",1,1726,5,98,2,"uni",23,-0.948030821917811,-20.9272260273973
115,19.83,3,"inhb",1,1811,5,98,2,"uni",24,-0.948030821917811,-20.9272260273973
115,19.83,3,"prpt",1,2126,5,98,2,"uni",25,-0.948030821917811,-20.9272260273973
115,19.83,3,"prpt",1,1306,5,98,2,"uni",26,-0.948030821917811,-20.9272260273973
115,19.83,3,"prpt",1,1772,5,98,2,"uni",27,-0.948030821917811,-20.9272260273973
115,19.83,3,"prpt",1,763,5,98,2,"uni",28,-0.948030821917811,-20.9272260273973
115,19.83,3,"prpt",1,497,5,98,2,"uni",29,-0.948030821917811,-20.9272260273973
115,19.83,3,"inhb",1,2389,5,98,2,"uni",30,-0.948030821917811,-20.9272260273973
115,19.83,3,"prpt",1,1687,5,98,2,"uni",32,-0.948030821917811,-20.9272260273973
116,24.96,1,NA,1,2488,7,47,53,"bi",1,4.18196917808219,30.0727739726027
116,24.96,1,"prpt",1,2980,7,47,53,"bi",1,4.18196917808219,30.0727739726027
116,24.96,1,"prpt",1,3050,7,47,53,"bi",2,4.18196917808219,30.0727739726027
116,24.96,1,"prpt",1,3308,7,47,53,"bi",3,4.18196917808219,30.0727739726027
116,24.96,1,"prpt",1,2368,7,47,53,"bi",4,4.18196917808219,30.0727739726027
116,24.96,1,"prpt",1,1687,7,47,53,"bi",5,4.18196917808219,30.0727739726027
116,24.96,1,"inhb",1,1694,7,47,53,"bi",6,4.18196917808219,30.0727739726027
116,24.96,1,"prpt",1,1264,7,47,53,"bi",8,4.18196917808219,30.0727739726027
116,24.96,1,"prpt",1,1899,7,47,53,"bi",9,4.18196917808219,30.0727739726027
116,24.96,1,"inhb",1,2162,7,47,53,"bi",11,4.18196917808219,30.0727739726027
116,24.96,1,"prpt",1,1828,7,47,53,"bi",12,4.18196917808219,30.0727739726027
116,24.96,1,"prpt",1,1138,7,47,53,"bi",13,4.18196917808219,30.0727739726027
116,24.96,1,"inhb",1,1344,7,47,53,"bi",14,4.18196917808219,30.0727739726027
116,24.96,1,"prpt",1,1980,7,47,53,"bi",16,4.18196917808219,30.0727739726027
116,24.96,1,"inhb",1,1695,7,47,53,"bi",17,4.18196917808219,30.0727739726027
116,24.96,1,"prpt",1,1423,7,47,53,"bi",18,4.18196917808219,30.0727739726027
116,24.96,1,"inhb",1,1292,7,47,53,"bi",19,4.18196917808219,30.0727739726027
116,24.96,1,"prpt",1,1231,7,47,53,"bi",20,4.18196917808219,30.0727739726027
116,24.96,1,"prpt",1,1426,7,47,53,"bi",21,4.18196917808219,30.0727739726027
116,24.96,1,"inhb",1,1379,7,47,53,"bi",22,4.18196917808219,30.0727739726027
116,24.96,1,"prpt",1,1304,7,47,53,"bi",23,4.18196917808219,30.0727739726027
116,24.96,1,"inhb",1,1138,7,47,53,"bi",24,4.18196917808219,30.0727739726027
116,24.96,1,"prpt",1,994,7,47,53,"bi",27,4.18196917808219,30.0727739726027
116,24.96,1,"inhb",1,1950,7,47,53,"bi",28,4.18196917808219,30.0727739726027
116,24.96,1,"prpt",1,3343,7,47,53,"bi",29,4.18196917808219,30.0727739726027
116,24.96,1,"prpt",1,1322,7,47,53,"bi",30,4.18196917808219,30.0727739726027
116,24.96,1,"prpt",1,1835,7,47,53,"bi",31,4.18196917808219,30.0727739726027
116,24.96,1,"prpt",1,1764,7,47,53,"bi",32,4.18196917808219,30.0727739726027
117,19.93,1,NA,1,1807,2,92,8,"uni",1,-0.84803082191781,-14.9272260273973
117,19.93,1,NA,1,1108,2,92,8,"uni",1,-0.84803082191781,-14.9272260273973
117,19.93,1,NA,1,2819,2,92,8,"uni",1,-0.84803082191781,-14.9272260273973
117,19.93,1,NA,1,1256,2,92,8,"uni",1,-0.84803082191781,-14.9272260273973
117,19.93,1,NA,1,3582,2,92,8,"uni",1,-0.84803082191781,-14.9272260273973
117,19.93,1,"prpt",1,2202,2,92,8,"uni",2,-0.84803082191781,-14.9272260273973
117,19.93,1,"prpt",1,1727,2,92,8,"uni",3,-0.84803082191781,-14.9272260273973
117,19.93,1,"prpt",1,1351,2,92,8,"uni",7,-0.84803082191781,-14.9272260273973
117,19.93,1,"prpt",1,1478,2,92,8,"uni",9,-0.84803082191781,-14.9272260273973
117,19.93,1,"inhb",1,757,2,92,8,"uni",11,-0.84803082191781,-14.9272260273973
117,19.93,1,"prpt",1,2300,2,92,8,"uni",12,-0.84803082191781,-14.9272260273973
117,19.93,1,"prpt",1,1550,2,92,8,"uni",13,-0.84803082191781,-14.9272260273973
117,19.93,1,"prpt",1,1667,2,92,8,"uni",15,-0.84803082191781,-14.9272260273973
117,19.93,1,"inhb",1,1878,2,92,8,"uni",16,-0.84803082191781,-14.9272260273973
117,19.93,1,"prpt",1,1386,2,92,8,"uni",17,-0.84803082191781,-14.9272260273973
117,19.93,1,"prpt",1,1622,2,92,8,"uni",20,-0.84803082191781,-14.9272260273973
117,19.93,1,"prpt",1,2027,2,92,8,"uni",21,-0.84803082191781,-14.9272260273973
117,19.93,1,"prpt",1,962,2,92,8,"uni",28,-0.84803082191781,-14.9272260273973
117,19.93,1,"inhb",1,1654,2,92,8,"uni",29,-0.84803082191781,-14.9272260273973
117,19.93,1,"prpt",1,1391,2,92,8,"uni",31,-0.84803082191781,-14.9272260273973
117,19.93,1,"prpt",1,1136,2,92,8,"uni",32,-0.84803082191781,-14.9272260273973
119,21.83,1,"prpt",1,2303,5,85,15,"uni",1,1.05196917808219,-7.92722602739726
119,21.83,1,"prpt",1,3244,5,85,15,"uni",2,1.05196917808219,-7.92722602739726
119,21.83,1,"prpt",1,1300,5,85,15,"uni",3,1.05196917808219,-7.92722602739726
119,21.83,1,"prpt",1,3219,5,85,15,"uni",4,1.05196917808219,-7.92722602739726
119,21.83,1,"prpt",1,2778,5,85,15,"uni",5,1.05196917808219,-7.92722602739726
119,21.83,1,"inhb",1,1786,5,85,15,"uni",6,1.05196917808219,-7.92722602739726
119,21.83,1,"prpt",1,3456,5,85,15,"uni",7,1.05196917808219,-7.92722602739726
119,21.83,1,"prpt",1,3360,5,85,15,"uni",8,1.05196917808219,-7.92722602739726
119,21.83,1,"prpt",1,1536,5,85,15,"uni",9,1.05196917808219,-7.92722602739726
119,21.83,1,"inhb",1,2853,5,85,15,"uni",10,1.05196917808219,-7.92722602739726
119,21.83,1,"prpt",1,2008,5,85,15,"uni",11,1.05196917808219,-7.92722602739726
119,21.83,1,"inhb",1,1453,5,85,15,"uni",12,1.05196917808219,-7.92722602739726
119,21.83,1,"prpt",1,2786,5,85,15,"uni",14,1.05196917808219,-7.92722602739726
119,21.83,1,"prpt",1,1497,5,85,15,"uni",15,1.05196917808219,-7.92722602739726
119,21.83,1,"inhb",1,2297,5,85,15,"uni",16,1.05196917808219,-7.92722602739726
119,21.83,1,"prpt",1,3228,5,85,15,"uni",17,1.05196917808219,-7.92722602739726
119,21.83,1,"inhb",1,2771,5,85,15,"uni",20,1.05196917808219,-7.92722602739726
119,21.83,1,"prpt",1,2659,5,85,15,"uni",21,1.05196917808219,-7.92722602739726
119,21.83,1,"prpt",1,2277,5,85,15,"uni",22,1.05196917808219,-7.92722602739726
119,21.83,1,"inhb",1,2629,5,85,15,"uni",23,1.05196917808219,-7.92722602739726
119,21.83,1,"prpt",1,4000,5,85,15,"uni",24,1.05196917808219,-7.92722602739726
119,21.83,1,"prpt",1,3252,5,85,15,"uni",25,1.05196917808219,-7.92722602739726
119,21.83,1,"prpt",1,1225,5,85,15,"uni",26,1.05196917808219,-7.92722602739726
119,21.83,1,"prpt",1,2162,5,85,15,"uni",27,1.05196917808219,-7.92722602739726
119,21.83,1,"prpt",1,1702,5,85,15,"uni",28,1.05196917808219,-7.92722602739726
119,21.83,1,"prpt",1,2336,5,85,15,"uni",30,1.05196917808219,-7.92722602739726
119,21.83,1,"prpt",1,1700,5,85,15,"uni",31,1.05196917808219,-7.92722602739726
119,21.83,1,"prpt",1,1765,5,85,15,"uni",32,1.05196917808219,-7.92722602739726
120,23.96,2,"prpt",1,974,7,75,25,"bi",2,3.18196917808219,2.07277397260274
120,23.96,2,"prpt",1,1859,7,75,25,"bi",4,3.18196917808219,2.07277397260274
120,23.96,2,"inhb",1,1882,7,75,25,"bi",6,3.18196917808219,2.07277397260274
120,23.96,2,"prpt",1,1500,7,75,25,"bi",7,3.18196917808219,2.07277397260274
120,23.96,2,"prpt",1,1476,7,75,25,"bi",8,3.18196917808219,2.07277397260274
120,23.96,2,"prpt",1,1041,7,75,25,"bi",9,3.18196917808219,2.07277397260274
120,23.96,2,"prpt",1,1132,7,75,25,"bi",10,3.18196917808219,2.07277397260274
120,23.96,2,"prpt",1,923,7,75,25,"bi",11,3.18196917808219,2.07277397260274
120,23.96,2,"inhb",1,1782,7,75,25,"bi",13,3.18196917808219,2.07277397260274
120,23.96,2,"prpt",1,1786,7,75,25,"bi",14,3.18196917808219,2.07277397260274
120,23.96,2,"prpt",1,827,7,75,25,"bi",15,3.18196917808219,2.07277397260274
120,23.96,2,"prpt",1,1080,7,75,25,"bi",16,3.18196917808219,2.07277397260274
120,23.96,2,"prpt",1,1416,7,75,25,"bi",17,3.18196917808219,2.07277397260274
120,23.96,2,"prpt",1,472,7,75,25,"bi",18,3.18196917808219,2.07277397260274
120,23.96,2,"inhb",1,1476,7,75,25,"bi",19,3.18196917808219,2.07277397260274
120,23.96,2,"prpt",1,1705,7,75,25,"bi",20,3.18196917808219,2.07277397260274
120,23.96,2,"prpt",1,1469,7,75,25,"bi",21,3.18196917808219,2.07277397260274
120,23.96,2,"inhb",1,1417,7,75,25,"bi",22,3.18196917808219,2.07277397260274
120,23.96,2,"prpt",1,2588,7,75,25,"bi",23,3.18196917808219,2.07277397260274
120,23.96,2,"prpt",1,768,7,75,25,"bi",24,3.18196917808219,2.07277397260274
120,23.96,2,"prpt",1,1326,7,75,25,"bi",25,3.18196917808219,2.07277397260274
120,23.96,2,"inhb",1,1285,7,75,25,"bi",26,3.18196917808219,2.07277397260274
120,23.96,2,"inhb",1,1341,7,75,25,"bi",27,3.18196917808219,2.07277397260274
120,23.96,2,"prpt",1,1154,7,75,25,"bi",29,3.18196917808219,2.07277397260274
120,23.96,2,"prpt",1,2245,7,75,25,"bi",30,3.18196917808219,2.07277397260274
120,23.96,2,"prpt",1,1387,7,75,25,"bi",31,3.18196917808219,2.07277397260274
120,23.96,2,"prpt",1,960,7,75,25,"bi",32,3.18196917808219,2.07277397260274
121,24.2,1,NA,1,1910,6,78,22,"uni",1,3.42196917808219,-0.927226027397261
121,24.2,1,"prpt",1,1567,6,78,22,"uni",3,3.42196917808219,-0.927226027397261
121,24.2,1,"prpt",1,1296,6,78,22,"uni",4,3.42196917808219,-0.927226027397261
121,24.2,1,"prpt",1,1608,6,78,22,"uni",7,3.42196917808219,-0.927226027397261
121,24.2,1,"prpt",1,1495,6,78,22,"uni",8,3.42196917808219,-0.927226027397261
121,24.2,1,"prpt",1,1092,6,78,22,"uni",9,3.42196917808219,-0.927226027397261
121,24.2,1,"inhb",1,1783,6,78,22,"uni",10,3.42196917808219,-0.927226027397261
121,24.2,1,"prpt",1,1394,6,78,22,"uni",12,3.42196917808219,-0.927226027397261
121,24.2,1,"inhb",1,1220,6,78,22,"uni",13,3.42196917808219,-0.927226027397261
121,24.2,1,"prpt",1,1709,6,78,22,"uni",14,3.42196917808219,-0.927226027397261
121,24.2,1,"prpt",1,1099,6,78,22,"uni",15,3.42196917808219,-0.927226027397261
121,24.2,1,"inhb",1,2132,6,78,22,"uni",16,3.42196917808219,-0.927226027397261
121,24.2,1,"prpt",1,1244,6,78,22,"uni",17,3.42196917808219,-0.927226027397261
121,24.2,1,"prpt",1,1887,6,78,22,"uni",18,3.42196917808219,-0.927226027397261
121,24.2,1,"prpt",1,1507,6,78,22,"uni",19,3.42196917808219,-0.927226027397261
121,24.2,1,"prpt",1,1729,6,78,22,"uni",20,3.42196917808219,-0.927226027397261
121,24.2,1,"inhb",1,1316,6,78,22,"uni",21,3.42196917808219,-0.927226027397261
121,24.2,1,"prpt",1,1039,6,78,22,"uni",22,3.42196917808219,-0.927226027397261
121,24.2,1,"inhb",1,1235,6,78,22,"uni",23,3.42196917808219,-0.927226027397261
121,24.2,1,"inhb",1,1043,6,78,22,"uni",24,3.42196917808219,-0.927226027397261
121,24.2,1,"prpt",1,2780,6,78,22,"uni",25,3.42196917808219,-0.927226027397261
121,24.2,1,"prpt",1,1708,6,78,22,"uni",26,3.42196917808219,-0.927226027397261
121,24.2,1,"prpt",1,1855,6,78,22,"uni",27,3.42196917808219,-0.927226027397261
121,24.2,1,"prpt",1,1231,6,78,22,"uni",28,3.42196917808219,-0.927226027397261
121,24.2,1,"prpt",1,1364,6,78,22,"uni",29,3.42196917808219,-0.927226027397261
121,24.2,1,"prpt",1,1581,6,78,22,"uni",31,3.42196917808219,-0.927226027397261
121,24.2,1,"prpt",1,2341,6,78,22,"uni",32,3.42196917808219,-0.927226027397261
123,16.83,2,NA,1,4753,7,82,18,"uni",1,-3.94803082191781,-4.92722602739726
123,16.83,2,NA,1,2228,7,82,18,"uni",1,-3.94803082191781,-4.92722602739726
123,16.83,2,"prpt",1,1791,7,82,18,"uni",3,-3.94803082191781,-4.92722602739726
123,16.83,2,"prpt",1,1750,7,82,18,"uni",5,-3.94803082191781,-4.92722602739726
123,16.83,2,"inhb",1,2244,7,82,18,"uni",6,-3.94803082191781,-4.92722602739726
123,16.83,2,"inhb",1,2235,7,82,18,"uni",8,-3.94803082191781,-4.92722602739726
123,16.83,2,"prpt",1,4750,7,82,18,"uni",9,-3.94803082191781,-4.92722602739726
123,16.83,2,"prpt",1,2485,7,82,18,"uni",10,-3.94803082191781,-4.92722602739726
123,16.83,2,"prpt",1,3464,7,82,18,"uni",12,-3.94803082191781,-4.92722602739726
123,16.83,2,"prpt",1,1223,7,82,18,"uni",14,-3.94803082191781,-4.92722602739726
123,16.83,2,"prpt",1,1695,7,82,18,"uni",16,-3.94803082191781,-4.92722602739726
123,16.83,2,"prpt",1,2920,7,82,18,"uni",18,-3.94803082191781,-4.92722602739726
123,16.83,2,"prpt",1,1968,7,82,18,"uni",20,-3.94803082191781,-4.92722602739726
123,16.83,2,"prpt",1,1620,7,82,18,"uni",21,-3.94803082191781,-4.92722602739726
123,16.83,2,"inhb",1,1304,7,82,18,"uni",26,-3.94803082191781,-4.92722602739726
123,16.83,2,"prpt",1,2237,7,82,18,"uni",27,-3.94803082191781,-4.92722602739726
123,16.83,2,"prpt",1,2295,7,82,18,"uni",30,-3.94803082191781,-4.92722602739726
123,16.83,2,"prpt",1,2011,7,82,18,"uni",32,-3.94803082191781,-4.92722602739726
124,20.63,2,NA,1,3963,NA,89,11,"uni",1,-0.148030821917811,-11.9272260273973
124,20.63,2,NA,1,1785,NA,89,11,"uni",1,-0.148030821917811,-11.9272260273973
124,20.63,2,"prpt",1,2032,NA,89,11,"uni",1,-0.148030821917811,-11.9272260273973
124,20.63,2,"prpt",1,2586,NA,89,11,"uni",2,-0.148030821917811,-11.9272260273973
124,20.63,2,"prpt",1,468,NA,89,11,"uni",3,-0.148030821917811,-11.9272260273973
124,20.63,2,"prpt",1,1826,NA,89,11,"uni",4,-0.148030821917811,-11.9272260273973
124,20.63,2,"prpt",1,3115,NA,89,11,"uni",5,-0.148030821917811,-11.9272260273973
124,20.63,2,"prpt",1,2431,NA,89,11,"uni",7,-0.148030821917811,-11.9272260273973
124,20.63,2,"prpt",1,1593,NA,89,11,"uni",8,-0.148030821917811,-11.9272260273973
124,20.63,2,"prpt",1,1710,NA,89,11,"uni",9,-0.148030821917811,-11.9272260273973
124,20.63,2,"inhb",1,1073,NA,89,11,"uni",10,-0.148030821917811,-11.9272260273973
124,20.63,2,"inhb",1,2670,NA,89,11,"uni",11,-0.148030821917811,-11.9272260273973
124,20.63,2,"prpt",1,1145,NA,89,11,"uni",12,-0.148030821917811,-11.9272260273973
124,20.63,2,"prpt",1,2779,NA,89,11,"uni",13,-0.148030821917811,-11.9272260273973
124,20.63,2,"prpt",1,1248,NA,89,11,"uni",14,-0.148030821917811,-11.9272260273973
124,20.63,2,"prpt",1,3094,NA,89,11,"uni",15,-0.148030821917811,-11.9272260273973
124,20.63,2,"prpt",1,805,NA,89,11,"uni",16,-0.148030821917811,-11.9272260273973
124,20.63,2,"prpt",1,1744,NA,89,11,"uni",18,-0.148030821917811,-11.9272260273973
124,20.63,2,"prpt",1,3133,NA,89,11,"uni",19,-0.148030821917811,-11.9272260273973
124,20.63,2,"prpt",1,3361,NA,89,11,"uni",20,-0.148030821917811,-11.9272260273973
124,20.63,2,"inhb",1,1617,NA,89,11,"uni",21,-0.148030821917811,-11.9272260273973
124,20.63,2,"prpt",1,1484,NA,89,11,"uni",22,-0.148030821917811,-11.9272260273973
124,20.63,2,"inhb",1,1420,NA,89,11,"uni",23,-0.148030821917811,-11.9272260273973
124,20.63,2,"inhb",1,4600,NA,89,11,"uni",24,-0.148030821917811,-11.9272260273973
124,20.63,2,"prpt",1,1597,NA,89,11,"uni",25,-0.148030821917811,-11.9272260273973
124,20.63,2,"prpt",1,2550,NA,89,11,"uni",26,-0.148030821917811,-11.9272260273973
124,20.63,2,"prpt",1,1136,NA,89,11,"uni",27,-0.148030821917811,-11.9272260273973
124,20.63,2,"prpt",1,1783,NA,89,11,"uni",28,-0.148030821917811,-11.9272260273973
124,20.63,2,"prpt",1,615,NA,89,11,"uni",29,-0.148030821917811,-11.9272260273973
124,20.63,2,"inhb",1,3307,NA,89,11,"uni",30,-0.148030821917811,-11.9272260273973
124,20.63,2,"prpt",1,1861,NA,89,11,"uni",31,-0.148030821917811,-11.9272260273973
124,20.63,2,"prpt",1,2003,NA,89,11,"uni",32,-0.148030821917811,-11.9272260273973
126,24.6,2,"prpt",1,2689,4,36,64,"bi",1,3.82196917808219,41.0727739726027
126,24.6,2,"prpt",1,1400,4,36,64,"bi",2,3.82196917808219,41.0727739726027
126,24.6,2,"prpt",1,1461,4,36,64,"bi",3,3.82196917808219,41.0727739726027
126,24.6,2,"prpt",1,956,4,36,64,"bi",4,3.82196917808219,41.0727739726027
126,24.6,2,"prpt",1,1005,4,36,64,"bi",5,3.82196917808219,41.0727739726027
126,24.6,2,"prpt",1,1711,4,36,64,"bi",7,3.82196917808219,41.0727739726027
126,24.6,2,"prpt",1,1215,4,36,64,"bi",8,3.82196917808219,41.0727739726027
126,24.6,2,"prpt",1,1444,4,36,64,"bi",10,3.82196917808219,41.0727739726027
126,24.6,2,"inhb",1,1272,4,36,64,"bi",12,3.82196917808219,41.0727739726027
126,24.6,2,"prpt",1,1517,4,36,64,"bi",13,3.82196917808219,41.0727739726027
126,24.6,2,"prpt",1,1063,4,36,64,"bi",14,3.82196917808219,41.0727739726027
126,24.6,2,"prpt",1,898,4,36,64,"bi",15,3.82196917808219,41.0727739726027
126,24.6,2,"prpt",1,664,4,36,64,"bi",16,3.82196917808219,41.0727739726027
126,24.6,2,"prpt",1,1705,4,36,64,"bi",17,3.82196917808219,41.0727739726027
126,24.6,2,"inhb",1,1839,4,36,64,"bi",18,3.82196917808219,41.0727739726027
126,24.6,2,"prpt",1,1199,4,36,64,"bi",19,3.82196917808219,41.0727739726027
126,24.6,2,"prpt",1,1231,4,36,64,"bi",21,3.82196917808219,41.0727739726027
126,24.6,2,"prpt",1,1707,4,36,64,"bi",22,3.82196917808219,41.0727739726027
126,24.6,2,"prpt",1,1531,4,36,64,"bi",23,3.82196917808219,41.0727739726027
126,24.6,2,"prpt",1,1263,4,36,64,"bi",24,3.82196917808219,41.0727739726027
126,24.6,2,"inhb",1,1825,4,36,64,"bi",25,3.82196917808219,41.0727739726027
126,24.6,2,"prpt",1,1423,4,36,64,"bi",26,3.82196917808219,41.0727739726027
126,24.6,2,"prpt",1,1802,4,36,64,"bi",28,3.82196917808219,41.0727739726027
126,24.6,2,"prpt",1,1174,4,36,64,"bi",30,3.82196917808219,41.0727739726027
126,24.6,2,"prpt",1,616,4,36,64,"bi",31,3.82196917808219,41.0727739726027
126,24.6,2,"prpt",1,1641,4,36,64,"bi",32,3.82196917808219,41.0727739726027
127,21.2,1,NA,1,3415,5,89,11,"uni",1,0.42196917808219,-11.9272260273973
127,21.2,1,"prpt",1,1071,5,89,11,"uni",3,0.42196917808219,-11.9272260273973
127,21.2,1,"prpt",1,1665,5,89,11,"uni",4,0.42196917808219,-11.9272260273973
127,21.2,1,"prpt",1,1547,5,89,11,"uni",5,0.42196917808219,-11.9272260273973
127,21.2,1,"inhb",1,1833,5,89,11,"uni",6,0.42196917808219,-11.9272260273973
127,21.2,1,"prpt",1,1134,5,89,11,"uni",10,0.42196917808219,-11.9272260273973
127,21.2,1,"inhb",1,1256,5,89,11,"uni",11,0.42196917808219,-11.9272260273973
127,21.2,1,"prpt",1,1089,5,89,11,"uni",12,0.42196917808219,-11.9272260273973
127,21.2,1,"prpt",1,1100,5,89,11,"uni",13,0.42196917808219,-11.9272260273973
127,21.2,1,"prpt",1,1366,5,89,11,"uni",14,0.42196917808219,-11.9272260273973
127,21.2,1,"prpt",1,946,5,89,11,"uni",15,0.42196917808219,-11.9272260273973
127,21.2,1,"prpt",1,1236,5,89,11,"uni",16,0.42196917808219,-11.9272260273973
127,21.2,1,"inhb",1,1387,5,89,11,"uni",18,0.42196917808219,-11.9272260273973
127,21.2,1,"prpt",1,1100,5,89,11,"uni",19,0.42196917808219,-11.9272260273973
127,21.2,1,"prpt",1,1574,5,89,11,"uni",22,0.42196917808219,-11.9272260273973
127,21.2,1,"prpt",1,2847,5,89,11,"uni",24,0.42196917808219,-11.9272260273973
127,21.2,1,"prpt",1,742,5,89,11,"uni",25,0.42196917808219,-11.9272260273973
127,21.2,1,"prpt",1,538,5,89,11,"uni",26,0.42196917808219,-11.9272260273973
127,21.2,1,"prpt",1,458,5,89,11,"uni",27,0.42196917808219,-11.9272260273973
127,21.2,1,"inhb",1,1355,5,89,11,"uni",28,0.42196917808219,-11.9272260273973
127,21.2,1,"prpt",1,1274,5,89,11,"uni",31,0.42196917808219,-11.9272260273973
129,21,2,NA,1,317,7,70,30,"bi",1,0.22196917808219,7.07277397260274
129,21,2,"prpt",1,2991,7,70,30,"bi",1,0.22196917808219,7.07277397260274
129,21,2,"prpt",1,348,7,70,30,"bi",2,0.22196917808219,7.07277397260274
129,21,2,"prpt",1,385,7,70,30,"bi",4,0.22196917808219,7.07277397260274
129,21,2,"prpt",1,1797,7,70,30,"bi",5,0.22196917808219,7.07277397260274
129,21,2,"inhb",1,1534,7,70,30,"bi",6,0.22196917808219,7.07277397260274
129,21,2,"prpt",1,1690,7,70,30,"bi",8,0.22196917808219,7.07277397260274
129,21,2,"prpt",1,1178,7,70,30,"bi",11,0.22196917808219,7.07277397260274
129,21,2,"prpt",1,2360,7,70,30,"bi",12,0.22196917808219,7.07277397260274
129,21,2,"inhb",1,4819,7,70,30,"bi",14,0.22196917808219,7.07277397260274
129,21,2,"inhb",1,2266,7,70,30,"bi",17,0.22196917808219,7.07277397260274
129,21,2,"prpt",1,781,7,70,30,"bi",19,0.22196917808219,7.07277397260274
129,21,2,"prpt",1,1293,7,70,30,"bi",20,0.22196917808219,7.07277397260274
129,21,2,"prpt",1,1590,7,70,30,"bi",22,0.22196917808219,7.07277397260274
129,21,2,"prpt",1,1342,7,70,30,"bi",23,0.22196917808219,7.07277397260274
129,21,2,"prpt",1,2177,7,70,30,"bi",25,0.22196917808219,7.07277397260274
129,21,2,"prpt",1,1209,7,70,30,"bi",26,0.22196917808219,7.07277397260274
129,21,2,"prpt",1,1364,7,70,30,"bi",27,0.22196917808219,7.07277397260274
129,21,2,"prpt",1,1087,7,70,30,"bi",28,0.22196917808219,7.07277397260274
130,21.13,1,NA,1,3480,7,88,12,"uni",1,0.351969178082189,-10.9272260273973
130,21.13,1,"prpt",1,3768,7,88,12,"uni",2,0.351969178082189,-10.9272260273973
130,21.13,1,"prpt",1,2541,7,88,12,"uni",3,0.351969178082189,-10.9272260273973
130,21.13,1,"prpt",1,4605,7,88,12,"uni",5,0.351969178082189,-10.9272260273973
130,21.13,1,"prpt",1,2298,7,88,12,"uni",7,0.351969178082189,-10.9272260273973
130,21.13,1,"prpt",1,3160,7,88,12,"uni",8,0.351969178082189,-10.9272260273973
130,21.13,1,"prpt",1,1990,7,88,12,"uni",9,0.351969178082189,-10.9272260273973
130,21.13,1,"inhb",1,2915,7,88,12,"uni",10,0.351969178082189,-10.9272260273973
130,21.13,1,"inhb",1,2329,7,88,12,"uni",11,0.351969178082189,-10.9272260273973
130,21.13,1,"prpt",1,1979,7,88,12,"uni",14,0.351969178082189,-10.9272260273973
130,21.13,1,"prpt",1,1951,7,88,12,"uni",15,0.351969178082189,-10.9272260273973
130,21.13,1,"prpt",1,2421,7,88,12,"uni",16,0.351969178082189,-10.9272260273973
130,21.13,1,"prpt",1,1451,7,88,12,"uni",19,0.351969178082189,-10.9272260273973
130,21.13,1,"prpt",1,1687,7,88,12,"uni",23,0.351969178082189,-10.9272260273973
130,21.13,1,"prpt",1,1543,7,88,12,"uni",25,0.351969178082189,-10.9272260273973
130,21.13,1,"prpt",1,1614,7,88,12,"uni",26,0.351969178082189,-10.9272260273973
130,21.13,1,"prpt",1,1542,7,88,12,"uni",29,0.351969178082189,-10.9272260273973
132,20.73,1,NA,1,3460,7,94,6,"uni",1,-0.0480308219178092,-16.9272260273973
132,20.73,1,NA,1,2657,7,94,6,"uni",1,-0.0480308219178092,-16.9272260273973
132,20.73,1,"prpt",1,367,7,94,6,"uni",2,-0.0480308219178092,-16.9272260273973
132,20.73,1,"prpt",1,2454,7,94,6,"uni",6,-0.0480308219178092,-16.9272260273973
132,20.73,1,"inhb",1,1335,7,94,6,"uni",7,-0.0480308219178092,-16.9272260273973
132,20.73,1,"prpt",1,1794,7,94,6,"uni",8,-0.0480308219178092,-16.9272260273973
132,20.73,1,"prpt",1,1643,7,94,6,"uni",11,-0.0480308219178092,-16.9272260273973
132,20.73,1,"prpt",1,1590,7,94,6,"uni",12,-0.0480308219178092,-16.9272260273973
132,20.73,1,"prpt",1,1490,7,94,6,"uni",13,-0.0480308219178092,-16.9272260273973
132,20.73,1,"prpt",1,423,7,94,6,"uni",14,-0.0480308219178092,-16.9272260273973
132,20.73,1,"prpt",1,1761,7,94,6,"uni",18,-0.0480308219178092,-16.9272260273973
132,20.73,1,"prpt",1,1448,7,94,6,"uni",19,-0.0480308219178092,-16.9272260273973
132,20.73,1,"prpt",1,3777,7,94,6,"uni",20,-0.0480308219178092,-16.9272260273973
132,20.73,1,"prpt",1,3343,7,94,6,"uni",22,-0.0480308219178092,-16.9272260273973
132,20.73,1,"prpt",1,3356,7,94,6,"uni",23,-0.0480308219178092,-16.9272260273973
132,20.73,1,"prpt",1,1533,7,94,6,"uni",24,-0.0480308219178092,-16.9272260273973
132,20.73,1,"prpt",1,1605,7,94,6,"uni",25,-0.0480308219178092,-16.9272260273973
132,20.73,1,"prpt",1,1913,7,94,6,"uni",26,-0.0480308219178092,-16.9272260273973
132,20.73,1,"prpt",1,2834,7,94,6,"uni",28,-0.0480308219178092,-16.9272260273973
132,20.73,1,"prpt",1,1443,7,94,6,"uni",30,-0.0480308219178092,-16.9272260273973
133,24.43,1,NA,1,2461,6,79,21,"uni",1,3.65196917808219,-1.92722602739726
133,24.43,1,"prpt",1,2521,6,79,21,"uni",1,3.65196917808219,-1.92722602739726
133,24.43,1,"prpt",1,4634,6,79,21,"uni",2,3.65196917808219,-1.92722602739726
133,24.43,1,"prpt",1,3411,6,79,21,"uni",3,3.65196917808219,-1.92722602739726
133,24.43,1,"inhb",1,4835,6,79,21,"uni",4,3.65196917808219,-1.92722602739726
133,24.43,1,"prpt",1,2612,6,79,21,"uni",5,3.65196917808219,-1.92722602739726
133,24.43,1,"prpt",1,4941,6,79,21,"uni",6,3.65196917808219,-1.92722602739726
133,24.43,1,"prpt",1,1441,6,79,21,"uni",7,3.65196917808219,-1.92722602739726
133,24.43,1,"inhb",1,1833,6,79,21,"uni",8,3.65196917808219,-1.92722602739726
133,24.43,1,"prpt",1,1761,6,79,21,"uni",9,3.65196917808219,-1.92722602739726
133,24.43,1,"prpt",1,1502,6,79,21,"uni",10,3.65196917808219,-1.92722602739726
133,24.43,1,"inhb",1,3885,6,79,21,"uni",11,3.65196917808219,-1.92722602739726
133,24.43,1,"prpt",1,1884,6,79,21,"uni",12,3.65196917808219,-1.92722602739726
133,24.43,1,"prpt",1,1537,6,79,21,"uni",13,3.65196917808219,-1.92722602739726
133,24.43,1,"inhb",1,1663,6,79,21,"uni",14,3.65196917808219,-1.92722602739726
133,24.43,1,"prpt",1,1535,6,79,21,"uni",15,3.65196917808219,-1.92722602739726
133,24.43,1,"inhb",1,1653,6,79,21,"uni",16,3.65196917808219,-1.92722602739726
133,24.43,1,"inhb",1,1241,6,79,21,"uni",17,3.65196917808219,-1.92722602739726
133,24.43,1,"prpt",1,1352,6,79,21,"uni",18,3.65196917808219,-1.92722602739726
133,24.43,1,"prpt",1,953,6,79,21,"uni",19,3.65196917808219,-1.92722602739726
133,24.43,1,"prpt",1,1005,6,79,21,"uni",20,3.65196917808219,-1.92722602739726
133,24.43,1,"prpt",1,1039,6,79,21,"uni",21,3.65196917808219,-1.92722602739726
133,24.43,1,"prpt",1,1146,6,79,21,"uni",22,3.65196917808219,-1.92722602739726
133,24.43,1,"prpt",1,1891,6,79,21,"uni",24,3.65196917808219,-1.92722602739726
133,24.43,1,"prpt",1,1115,6,79,21,"uni",25,3.65196917808219,-1.92722602739726
133,24.43,1,"prpt",1,1375,6,79,21,"uni",26,3.65196917808219,-1.92722602739726
133,24.43,1,"inhb",1,1577,6,79,21,"uni",27,3.65196917808219,-1.92722602739726
133,24.43,1,"prpt",1,1352,6,79,21,"uni",28,3.65196917808219,-1.92722602739726
133,24.43,1,"prpt",1,1334,6,79,21,"uni",29,3.65196917808219,-1.92722602739726
133,24.43,1,"prpt",1,1032,6,79,21,"uni",30,3.65196917808219,-1.92722602739726
133,24.43,1,"prpt",1,1244,6,79,21,"uni",31,3.65196917808219,-1.92722602739726
133,24.43,1,"prpt",1,1329,6,79,21,"uni",32,3.65196917808219,-1.92722602739726
134,22.93,2,NA,1,2999,7,81,19,"uni",1,2.15196917808219,-3.92722602739726
134,22.93,2,"prpt",1,2301,7,81,19,"uni",1,2.15196917808219,-3.92722602739726
134,22.93,2,"prpt",1,1460,7,81,19,"uni",2,2.15196917808219,-3.92722602739726
134,22.93,2,"prpt",1,1288,7,81,19,"uni",3,2.15196917808219,-3.92722602739726
134,22.93,2,"prpt",1,1360,7,81,19,"uni",4,2.15196917808219,-3.92722602739726
134,22.93,2,"prpt",1,1423,7,81,19,"uni",5,2.15196917808219,-3.92722602739726
134,22.93,2,"inhb",1,1492,7,81,19,"uni",7,2.15196917808219,-3.92722602739726
134,22.93,2,"prpt",1,1635,7,81,19,"uni",8,2.15196917808219,-3.92722602739726
134,22.93,2,"prpt",1,1275,7,81,19,"uni",9,2.15196917808219,-3.92722602739726
134,22.93,2,"inhb",1,1370,7,81,19,"uni",10,2.15196917808219,-3.92722602739726
134,22.93,2,"inhb",1,2159,7,81,19,"uni",11,2.15196917808219,-3.92722602739726
134,22.93,2,"prpt",1,1386,7,81,19,"uni",12,2.15196917808219,-3.92722602739726
134,22.93,2,"prpt",1,1119,7,81,19,"uni",13,2.15196917808219,-3.92722602739726
134,22.93,2,"prpt",1,1327,7,81,19,"uni",14,2.15196917808219,-3.92722602739726
134,22.93,2,"prpt",1,1450,7,81,19,"uni",16,2.15196917808219,-3.92722602739726
134,22.93,2,"prpt",1,1469,7,81,19,"uni",17,2.15196917808219,-3.92722602739726
134,22.93,2,"prpt",1,1116,7,81,19,"uni",18,2.15196917808219,-3.92722602739726
134,22.93,2,"prpt",1,4566,7,81,19,"uni",19,2.15196917808219,-3.92722602739726
134,22.93,2,"prpt",1,1224,7,81,19,"uni",20,2.15196917808219,-3.92722602739726
134,22.93,2,"inhb",1,1308,7,81,19,"uni",21,2.15196917808219,-3.92722602739726
134,22.93,2,"inhb",1,1634,7,81,19,"uni",22,2.15196917808219,-3.92722602739726
134,22.93,2,"prpt",1,1816,7,81,19,"uni",23,2.15196917808219,-3.92722602739726
134,22.93,2,"prpt",1,1754,7,81,19,"uni",24,2.15196917808219,-3.92722602739726
134,22.93,2,"prpt",1,1672,7,81,19,"uni",26,2.15196917808219,-3.92722602739726
134,22.93,2,"prpt",1,1656,7,81,19,"uni",27,2.15196917808219,-3.92722602739726
134,22.93,2,"inhb",1,2778,7,81,19,"uni",28,2.15196917808219,-3.92722602739726
134,22.93,2,"prpt",1,1570,7,81,19,"uni",29,2.15196917808219,-3.92722602739726
134,22.93,2,"prpt",1,1839,7,81,19,"uni",31,2.15196917808219,-3.92722602739726
134,22.93,2,"prpt",1,1094,7,81,19,"uni",32,2.15196917808219,-3.92722602739726
136,22.5,2,"prpt",1,2043,6,81,19,"uni",1,1.72196917808219,-3.92722602739726
136,22.5,2,"prpt",1,2285,6,81,19,"uni",2,1.72196917808219,-3.92722602739726
136,22.5,2,"prpt",1,4351,6,81,19,"uni",3,1.72196917808219,-3.92722602739726
136,22.5,2,"prpt",1,1508,6,81,19,"uni",4,1.72196917808219,-3.92722602739726
136,22.5,2,"prpt",1,1425,6,81,19,"uni",7,1.72196917808219,-3.92722602739726
136,22.5,2,"prpt",1,3619,6,81,19,"uni",8,1.72196917808219,-3.92722602739726
136,22.5,2,"prpt",1,1732,6,81,19,"uni",9,1.72196917808219,-3.92722602739726
136,22.5,2,"prpt",1,1059,6,81,19,"uni",10,1.72196917808219,-3.92722602739726
136,22.5,2,"prpt",1,1361,6,81,19,"uni",13,1.72196917808219,-3.92722602739726
136,22.5,2,"prpt",1,952,6,81,19,"uni",15,1.72196917808219,-3.92722602739726
136,22.5,2,"prpt",1,2100,6,81,19,"uni",16,1.72196917808219,-3.92722602739726
136,22.5,2,"inhb",1,2070,6,81,19,"uni",17,1.72196917808219,-3.92722602739726
136,22.5,2,"prpt",1,3127,6,81,19,"uni",18,1.72196917808219,-3.92722602739726
136,22.5,2,"prpt",1,2479,6,81,19,"uni",19,1.72196917808219,-3.92722602739726
136,22.5,2,"prpt",1,1848,6,81,19,"uni",21,1.72196917808219,-3.92722602739726
136,22.5,2,"prpt",1,2418,6,81,19,"uni",24,1.72196917808219,-3.92722602739726
136,22.5,2,"inhb",1,1961,6,81,19,"uni",27,1.72196917808219,-3.92722602739726
138,21.96,2,NA,1,2589,5,86,14,"uni",1,1.18196917808219,-8.92722602739726
138,21.96,2,"prpt",1,4205,5,86,14,"uni",1,1.18196917808219,-8.92722602739726
138,21.96,2,"prpt",1,1488,5,86,14,"uni",2,1.18196917808219,-8.92722602739726
138,21.96,2,"prpt",1,1334,5,86,14,"uni",3,1.18196917808219,-8.92722602739726
138,21.96,2,"prpt",1,1817,5,86,14,"uni",4,1.18196917808219,-8.92722602739726
138,21.96,2,"prpt",1,1742,5,86,14,"uni",5,1.18196917808219,-8.92722602739726
138,21.96,2,"inhb",1,4115,5,86,14,"uni",6,1.18196917808219,-8.92722602739726
138,21.96,2,"prpt",1,2675,5,86,14,"uni",7,1.18196917808219,-8.92722602739726
138,21.96,2,"prpt",1,1793,5,86,14,"uni",8,1.18196917808219,-8.92722602739726
138,21.96,2,"prpt",1,1332,5,86,14,"uni",9,1.18196917808219,-8.92722602739726
138,21.96,2,"inhb",1,2326,5,86,14,"uni",10,1.18196917808219,-8.92722602739726
138,21.96,2,"inhb",1,2075,5,86,14,"uni",11,1.18196917808219,-8.92722602739726
138,21.96,2,"prpt",1,2693,5,86,14,"uni",12,1.18196917808219,-8.92722602739726
138,21.96,2,"inhb",1,1867,5,86,14,"uni",13,1.18196917808219,-8.92722602739726
138,21.96,2,"prpt",1,2433,5,86,14,"uni",14,1.18196917808219,-8.92722602739726
138,21.96,2,"prpt",1,1704,5,86,14,"uni",15,1.18196917808219,-8.92722602739726
138,21.96,2,"prpt",1,1749,5,86,14,"uni",16,1.18196917808219,-8.92722602739726
138,21.96,2,"prpt",1,1625,5,86,14,"uni",17,1.18196917808219,-8.92722602739726
138,21.96,2,"prpt",1,2132,5,86,14,"uni",18,1.18196917808219,-8.92722602739726
138,21.96,2,"inhb",1,3913,5,86,14,"uni",19,1.18196917808219,-8.92722602739726
138,21.96,2,"prpt",1,2197,5,86,14,"uni",20,1.18196917808219,-8.92722602739726
138,21.96,2,"prpt",1,2135,5,86,14,"uni",21,1.18196917808219,-8.92722602739726
138,21.96,2,"prpt",1,1324,5,86,14,"uni",22,1.18196917808219,-8.92722602739726
138,21.96,2,"prpt",1,1484,5,86,14,"uni",23,1.18196917808219,-8.92722602739726
138,21.96,2,"prpt",1,2902,5,86,14,"uni",25,1.18196917808219,-8.92722602739726
138,21.96,2,"prpt",1,1808,5,86,14,"uni",26,1.18196917808219,-8.92722602739726
138,21.96,2,"prpt",1,1820,5,86,14,"uni",27,1.18196917808219,-8.92722602739726
138,21.96,2,"inhb",1,3684,5,86,14,"uni",28,1.18196917808219,-8.92722602739726
138,21.96,2,"inhb",1,1949,5,86,14,"uni",29,1.18196917808219,-8.92722602739726
138,21.96,2,"prpt",1,1729,5,86,14,"uni",31,1.18196917808219,-8.92722602739726
138,21.96,2,"prpt",1,3624,5,86,14,"uni",32,1.18196917808219,-8.92722602739726
139,16.6,1,"prpt",1,3186,5,75,25,"bi",1,-4.17803082191781,2.07277397260274
139,16.6,1,"prpt",1,1380,5,75,25,"bi",2,-4.17803082191781,2.07277397260274
139,16.6,1,"prpt",1,1161,5,75,25,"bi",3,-4.17803082191781,2.07277397260274
139,16.6,1,"prpt",1,2551,5,75,25,"bi",4,-4.17803082191781,2.07277397260274
139,16.6,1,"prpt",1,3970,5,75,25,"bi",6,-4.17803082191781,2.07277397260274
139,16.6,1,"prpt",1,2498,5,75,25,"bi",8,-4.17803082191781,2.07277397260274
139,16.6,1,"prpt",1,4482,5,75,25,"bi",12,-4.17803082191781,2.07277397260274
139,16.6,1,"prpt",1,624,5,75,25,"bi",15,-4.17803082191781,2.07277397260274
139,16.6,1,"prpt",1,3434,5,75,25,"bi",16,-4.17803082191781,2.07277397260274
139,16.6,1,"inhb",1,1913,5,75,25,"bi",18,-4.17803082191781,2.07277397260274
139,16.6,1,"prpt",1,1591,5,75,25,"bi",20,-4.17803082191781,2.07277397260274
139,16.6,1,"prpt",1,1101,5,75,25,"bi",24,-4.17803082191781,2.07277397260274
139,16.6,1,"prpt",1,1474,5,75,25,"bi",25,-4.17803082191781,2.07277397260274
139,16.6,1,"inhb",1,3176,5,75,25,"bi",28,-4.17803082191781,2.07277397260274
139,16.6,1,"prpt",1,1013,5,75,25,"bi",29,-4.17803082191781,2.07277397260274
139,16.6,1,"prpt",1,2031,5,75,25,"bi",31,-4.17803082191781,2.07277397260274
139,16.6,1,"prpt",1,865,5,75,25,"bi",32,-4.17803082191781,2.07277397260274
141,20.3,2,"prpt",1,3737,5,52,48,"bi",1,-0.478030821917809,25.0727739726027
141,20.3,2,"prpt",1,2782,5,52,48,"bi",3,-0.478030821917809,25.0727739726027
141,20.3,2,"prpt",1,3897,5,52,48,"bi",7,-0.478030821917809,25.0727739726027
141,20.3,2,"prpt",1,4029,5,52,48,"bi",9,-0.478030821917809,25.0727739726027
141,20.3,2,"inhb",1,4167,5,52,48,"bi",18,-0.478030821917809,25.0727739726027
141,20.3,2,"prpt",1,4079,5,52,48,"bi",20,-0.478030821917809,25.0727739726027
141,20.3,2,"prpt",1,3026,5,52,48,"bi",25,-0.478030821917809,25.0727739726027
141,20.3,2,"prpt",1,1643,5,52,48,"bi",26,-0.478030821917809,25.0727739726027
141,20.3,2,"prpt",1,1557,5,52,48,"bi",27,-0.478030821917809,25.0727739726027
141,20.3,2,"prpt",1,1740,5,52,48,"bi",28,-0.478030821917809,25.0727739726027
141,20.3,2,"prpt",1,4320,5,52,48,"bi",30,-0.478030821917809,25.0727739726027
141,20.3,2,"prpt",1,1465,5,52,48,"bi",31,-0.478030821917809,25.0727739726027
141,20.3,2,"prpt",1,2078,5,52,48,"bi",32,-0.478030821917809,25.0727739726027
142,18.9,2,NA,1,3441,6,100,0,"uni",1,-1.87803082191781,-22.9272260273973
142,18.9,2,"prpt",1,956,6,100,0,"uni",1,-1.87803082191781,-22.9272260273973
142,18.9,2,"prpt",1,2223,6,100,0,"uni",2,-1.87803082191781,-22.9272260273973
142,18.9,2,"prpt",1,2146,6,100,0,"uni",3,-1.87803082191781,-22.9272260273973
142,18.9,2,"prpt",1,1698,6,100,0,"uni",4,-1.87803082191781,-22.9272260273973
142,18.9,2,"prpt",1,435,6,100,0,"uni",5,-1.87803082191781,-22.9272260273973
142,18.9,2,"prpt",1,1444,6,100,0,"uni",7,-1.87803082191781,-22.9272260273973
142,18.9,2,"inhb",1,3090,6,100,0,"uni",8,-1.87803082191781,-22.9272260273973
142,18.9,2,"inhb",1,3835,6,100,0,"uni",9,-1.87803082191781,-22.9272260273973
142,18.9,2,"prpt",1,1319,6,100,0,"uni",11,-1.87803082191781,-22.9272260273973
142,18.9,2,"prpt",1,4711,6,100,0,"uni",12,-1.87803082191781,-22.9272260273973
142,18.9,2,"prpt",1,2169,6,100,0,"uni",14,-1.87803082191781,-22.9272260273973
142,18.9,2,"inhb",1,1777,6,100,0,"uni",15,-1.87803082191781,-22.9272260273973
142,18.9,2,"prpt",1,2352,6,100,0,"uni",16,-1.87803082191781,-22.9272260273973
142,18.9,2,"prpt",1,949,6,100,0,"uni",17,-1.87803082191781,-22.9272260273973
142,18.9,2,"prpt",1,4306,6,100,0,"uni",21,-1.87803082191781,-22.9272260273973
142,18.9,2,"prpt",1,1920,6,100,0,"uni",22,-1.87803082191781,-22.9272260273973
142,18.9,2,"prpt",1,859,6,100,0,"uni",23,-1.87803082191781,-22.9272260273973
142,18.9,2,"prpt",1,1668,6,100,0,"uni",26,-1.87803082191781,-22.9272260273973
142,18.9,2,"inhb",1,2608,6,100,0,"uni",29,-1.87803082191781,-22.9272260273973
143,24.86,2,NA,1,2380,6,50,50,"bi",1,4.08196917808219,27.0727739726027
143,24.86,2,"prpt",1,2355,6,50,50,"bi",1,4.08196917808219,27.0727739726027
143,24.86,2,"prpt",1,1303,6,50,50,"bi",2,4.08196917808219,27.0727739726027
143,24.86,2,"prpt",1,1226,6,50,50,"bi",3,4.08196917808219,27.0727739726027
143,24.86,2,"prpt",1,1589,6,50,50,"bi",4,4.08196917808219,27.0727739726027
143,24.86,2,"prpt",1,1602,6,50,50,"bi",5,4.08196917808219,27.0727739726027
143,24.86,2,"inhb",1,1195,6,50,50,"bi",6,4.08196917808219,27.0727739726027
143,24.86,2,"prpt",1,2149,6,50,50,"bi",7,4.08196917808219,27.0727739726027
143,24.86,2,"inhb",1,1103,6,50,50,"bi",9,4.08196917808219,27.0727739726027
143,24.86,2,"inhb",1,1617,6,50,50,"bi",11,4.08196917808219,27.0727739726027
143,24.86,2,"inhb",1,1314,6,50,50,"bi",13,4.08196917808219,27.0727739726027
143,24.86,2,"prpt",1,1409,6,50,50,"bi",16,4.08196917808219,27.0727739726027
143,24.86,2,"prpt",1,1048,6,50,50,"bi",17,4.08196917808219,27.0727739726027
143,24.86,2,"prpt",1,1191,6,50,50,"bi",18,4.08196917808219,27.0727739726027
143,24.86,2,"prpt",1,1664,6,50,50,"bi",20,4.08196917808219,27.0727739726027
143,24.86,2,"prpt",1,676,6,50,50,"bi",22,4.08196917808219,27.0727739726027
143,24.86,2,"inhb",1,2670,6,50,50,"bi",23,4.08196917808219,27.0727739726027
143,24.86,2,"prpt",1,1588,6,50,50,"bi",24,4.08196917808219,27.0727739726027
143,24.86,2,"prpt",1,1300,6,50,50,"bi",25,4.08196917808219,27.0727739726027
143,24.86,2,"prpt",1,1436,6,50,50,"bi",26,4.08196917808219,27.0727739726027
143,24.86,2,"prpt",1,1772,6,50,50,"bi",28,4.08196917808219,27.0727739726027
143,24.86,2,"inhb",1,1726,6,50,50,"bi",29,4.08196917808219,27.0727739726027
143,24.86,2,"prpt",1,1664,6,50,50,"bi",30,4.08196917808219,27.0727739726027
143,24.86,2,"prpt",1,1367,6,50,50,"bi",31,4.08196917808219,27.0727739726027
143,24.86,2,"prpt",1,1022,6,50,50,"bi",32,4.08196917808219,27.0727739726027
144,16.4,1,NA,1,2377,5,58,42,"bi",1,-4.37803082191781,19.0727739726027
144,16.4,1,"prpt",1,1749,5,58,42,"bi",1,-4.37803082191781,19.0727739726027
144,16.4,1,"prpt",1,2704,5,58,42,"bi",2,-4.37803082191781,19.0727739726027
144,16.4,1,"prpt",1,1285,5,58,42,"bi",3,-4.37803082191781,19.0727739726027
144,16.4,1,"prpt",1,2036,5,58,42,"bi",8,-4.37803082191781,19.0727739726027
144,16.4,1,"prpt",1,413,5,58,42,"bi",9,-4.37803082191781,19.0727739726027
144,16.4,1,"prpt",1,2084,5,58,42,"bi",10,-4.37803082191781,19.0727739726027
144,16.4,1,"prpt",1,1449,5,58,42,"bi",12,-4.37803082191781,19.0727739726027
144,16.4,1,"inhb",1,2104,5,58,42,"bi",13,-4.37803082191781,19.0727739726027
144,16.4,1,"inhb",1,562,5,58,42,"bi",14,-4.37803082191781,19.0727739726027
144,16.4,1,"prpt",1,1894,5,58,42,"bi",15,-4.37803082191781,19.0727739726027
144,16.4,1,"prpt",1,1202,5,58,42,"bi",17,-4.37803082191781,19.0727739726027
144,16.4,1,"prpt",1,1467,5,58,42,"bi",18,-4.37803082191781,19.0727739726027
144,16.4,1,"prpt",1,1034,5,58,42,"bi",19,-4.37803082191781,19.0727739726027
144,16.4,1,"inhb",1,1251,5,58,42,"bi",21,-4.37803082191781,19.0727739726027
144,16.4,1,"prpt",1,463,5,58,42,"bi",24,-4.37803082191781,19.0727739726027
144,16.4,1,"prpt",1,551,5,58,42,"bi",25,-4.37803082191781,19.0727739726027
144,16.4,1,"inhb",1,1973,5,58,42,"bi",27,-4.37803082191781,19.0727739726027
144,16.4,1,"prpt",1,2127,5,58,42,"bi",28,-4.37803082191781,19.0727739726027
144,16.4,1,"prpt",1,1041,5,58,42,"bi",29,-4.37803082191781,19.0727739726027
144,16.4,1,"prpt",1,1446,5,58,42,"bi",30,-4.37803082191781,19.0727739726027
144,16.4,1,"prpt",1,703,5,58,42,"bi",31,-4.37803082191781,19.0727739726027
145,17.03,1,NA,1,3108,5,54,46,"bi",1,-3.74803082191781,23.0727739726027
145,17.03,1,"prpt",1,1862,5,54,46,"bi",1,-3.74803082191781,23.0727739726027
145,17.03,1,"prpt",1,2068,5,54,46,"bi",2,-3.74803082191781,23.0727739726027
145,17.03,1,"prpt",1,769,5,54,46,"bi",3,-3.74803082191781,23.0727739726027
145,17.03,1,"prpt",1,1841,5,54,46,"bi",4,-3.74803082191781,23.0727739726027
145,17.03,1,"prpt",1,4045,5,54,46,"bi",5,-3.74803082191781,23.0727739726027
145,17.03,1,"inhb",1,860,5,54,46,"bi",7,-3.74803082191781,23.0727739726027
145,17.03,1,"prpt",1,1228,5,54,46,"bi",12,-3.74803082191781,23.0727739726027
145,17.03,1,"prpt",1,1918,5,54,46,"bi",15,-3.74803082191781,23.0727739726027
145,17.03,1,"prpt",1,2635,5,54,46,"bi",16,-3.74803082191781,23.0727739726027
145,17.03,1,"prpt",1,1050,5,54,46,"bi",20,-3.74803082191781,23.0727739726027
145,17.03,1,"prpt",1,2947,5,54,46,"bi",21,-3.74803082191781,23.0727739726027
145,17.03,1,"prpt",1,1425,5,54,46,"bi",25,-3.74803082191781,23.0727739726027
145,17.03,1,"prpt",1,1075,5,54,46,"bi",29,-3.74803082191781,23.0727739726027
145,17.03,1,"prpt",1,1597,5,54,46,"bi",31,-3.74803082191781,23.0727739726027
145,17.03,1,"prpt",1,1773,5,54,46,"bi",32,-3.74803082191781,23.0727739726027
149,16.8,1,"prpt",1,1026,7,96,4,"uni",2,-3.97803082191781,-18.9272260273973
149,16.8,1,"prpt",1,941,7,96,4,"uni",3,-3.97803082191781,-18.9272260273973
149,16.8,1,"prpt",1,409,7,96,4,"uni",4,-3.97803082191781,-18.9272260273973
149,16.8,1,"prpt",1,1858,7,96,4,"uni",5,-3.97803082191781,-18.9272260273973
149,16.8,1,"prpt",1,668,7,96,4,"uni",8,-3.97803082191781,-18.9272260273973
149,16.8,1,"inhb",1,1983,7,96,4,"uni",10,-3.97803082191781,-18.9272260273973
149,16.8,1,"prpt",1,1895,7,96,4,"uni",11,-3.97803082191781,-18.9272260273973
149,16.8,1,"prpt",1,776,7,96,4,"uni",13,-3.97803082191781,-18.9272260273973
149,16.8,1,"prpt",1,1577,7,96,4,"uni",14,-3.97803082191781,-18.9272260273973
149,16.8,1,"prpt",1,4906,7,96,4,"uni",15,-3.97803082191781,-18.9272260273973
149,16.8,1,"inhb",1,3650,7,96,4,"uni",16,-3.97803082191781,-18.9272260273973
149,16.8,1,"prpt",1,312,7,96,4,"uni",18,-3.97803082191781,-18.9272260273973
149,16.8,1,"prpt",1,1278,7,96,4,"uni",19,-3.97803082191781,-18.9272260273973
149,16.8,1,"prpt",1,623,7,96,4,"uni",21,-3.97803082191781,-18.9272260273973
149,16.8,1,"inhb",1,561,7,96,4,"uni",23,-3.97803082191781,-18.9272260273973
149,16.8,1,"prpt",1,2044,7,96,4,"uni",24,-3.97803082191781,-18.9272260273973
149,16.8,1,"prpt",1,2831,7,96,4,"uni",25,-3.97803082191781,-18.9272260273973
149,16.8,1,"prpt",1,2422,7,96,4,"uni",26,-3.97803082191781,-18.9272260273973
149,16.8,1,"prpt",1,1902,7,96,4,"uni",28,-3.97803082191781,-18.9272260273973
149,16.8,1,"prpt",1,3819,7,96,4,"uni",29,-3.97803082191781,-18.9272260273973
149,16.8,1,"prpt",1,1946,7,96,4,"uni",30,-3.97803082191781,-18.9272260273973
149,16.8,1,"prpt",1,3599,7,96,4,"uni",31,-3.97803082191781,-18.9272260273973
149,16.8,1,"prpt",1,3095,7,96,4,"uni",32,-3.97803082191781,-18.9272260273973
150,17.2,1,NA,1,4850,4,55,45,"bi",1,-3.57803082191781,22.0727739726027
150,17.2,1,"prpt",1,1900,4,55,45,"bi",3,-3.57803082191781,22.0727739726027
150,17.2,1,"inhb",1,2459,4,55,45,"bi",4,-3.57803082191781,22.0727739726027
150,17.2,1,"prpt",1,1806,4,55,45,"bi",5,-3.57803082191781,22.0727739726027
150,17.2,1,"inhb",1,1473,4,55,45,"bi",6,-3.57803082191781,22.0727739726027
150,17.2,1,"prpt",1,1548,4,55,45,"bi",7,-3.57803082191781,22.0727739726027
150,17.2,1,"inhb",1,1213,4,55,45,"bi",8,-3.57803082191781,22.0727739726027
150,17.2,1,"prpt",1,2220,4,55,45,"bi",9,-3.57803082191781,22.0727739726027
150,17.2,1,"prpt",1,1479,4,55,45,"bi",10,-3.57803082191781,22.0727739726027
150,17.2,1,"prpt",1,1183,4,55,45,"bi",11,-3.57803082191781,22.0727739726027
150,17.2,1,"prpt",1,2289,4,55,45,"bi",12,-3.57803082191781,22.0727739726027
150,17.2,1,"prpt",1,2216,4,55,45,"bi",13,-3.57803082191781,22.0727739726027
150,17.2,1,"inhb",1,1424,4,55,45,"bi",14,-3.57803082191781,22.0727739726027
150,17.2,1,"prpt",1,314,4,55,45,"bi",21,-3.57803082191781,22.0727739726027
150,17.2,1,"prpt",1,1860,4,55,45,"bi",23,-3.57803082191781,22.0727739726027
150,17.2,1,"prpt",1,1072,4,55,45,"bi",24,-3.57803082191781,22.0727739726027
150,17.2,1,"inhb",1,2564,4,55,45,"bi",27,-3.57803082191781,22.0727739726027
150,17.2,1,"prpt",1,2145,4,55,45,"bi",29,-3.57803082191781,22.0727739726027
150,17.2,1,"prpt",1,1240,4,55,45,"bi",30,-3.57803082191781,22.0727739726027
150,17.2,1,"prpt",1,3068,4,55,45,"bi",31,-3.57803082191781,22.0727739726027
150,17.2,1,"prpt",1,3289,4,55,45,"bi",32,-3.57803082191781,22.0727739726027
151,17.93,1,NA,1,3230,7,57,43,"bi",1,-2.84803082191781,20.0727739726027
151,17.93,1,"prpt",1,2394,7,57,43,"bi",4,-2.84803082191781,20.0727739726027
151,17.93,1,"prpt",1,3138,7,57,43,"bi",5,-2.84803082191781,20.0727739726027
151,17.93,1,NA,1,3748,7,57,43,"bi",1,-2.84803082191781,20.0727739726027
151,17.93,1,NA,1,1469,7,57,43,"bi",1,-2.84803082191781,20.0727739726027
151,17.93,1,NA,1,2116,7,57,43,"bi",1,-2.84803082191781,20.0727739726027
151,17.93,1,"inhb",1,3047,7,57,43,"bi",4,-2.84803082191781,20.0727739726027
151,17.93,1,"inhb",1,2126,7,57,43,"bi",5,-2.84803082191781,20.0727739726027
151,17.93,1,"inhb",1,1366,7,57,43,"bi",7,-2.84803082191781,20.0727739726027
151,17.93,1,"prpt",1,2053,7,57,43,"bi",8,-2.84803082191781,20.0727739726027
153,23.26,2,NA,1,2987,7,80,20,"uni",1,2.48196917808219,-2.92722602739726
153,23.26,2,"prpt",1,1626,7,80,20,"uni",1,2.48196917808219,-2.92722602739726
153,23.26,2,"prpt",1,1416,7,80,20,"uni",2,2.48196917808219,-2.92722602739726
153,23.26,2,"prpt",1,1140,7,80,20,"uni",3,2.48196917808219,-2.92722602739726
153,23.26,2,"prpt",1,1899,7,80,20,"uni",4,2.48196917808219,-2.92722602739726
153,23.26,2,"prpt",1,1500,7,80,20,"uni",5,2.48196917808219,-2.92722602739726
153,23.26,2,"prpt",1,361,7,80,20,"uni",8,2.48196917808219,-2.92722602739726
153,23.26,2,"prpt",1,415,7,80,20,"uni",9,2.48196917808219,-2.92722602739726
153,23.26,2,"prpt",1,475,7,80,20,"uni",10,2.48196917808219,-2.92722602739726
153,23.26,2,"prpt",1,614,7,80,20,"uni",11,2.48196917808219,-2.92722602739726
153,23.26,2,"prpt",1,973,7,80,20,"uni",15,2.48196917808219,-2.92722602739726
153,23.26,2,"prpt",1,1235,7,80,20,"uni",18,2.48196917808219,-2.92722602739726
153,23.26,2,"prpt",1,1464,7,80,20,"uni",20,2.48196917808219,-2.92722602739726
153,23.26,2,"prpt",1,400,7,80,20,"uni",21,2.48196917808219,-2.92722602739726
153,23.26,2,"prpt",1,4423,7,80,20,"uni",28,2.48196917808219,-2.92722602739726
153,23.26,2,"inhb",1,2215,7,80,20,"uni",32,2.48196917808219,-2.92722602739726
155,19.1,2,NA,1,3714,6,62,38,"bi",1,-1.67803082191781,15.0727739726027
155,19.1,2,"prpt",1,974,6,62,38,"bi",1,-1.67803082191781,15.0727739726027
155,19.1,2,"prpt",1,2745,6,62,38,"bi",3,-1.67803082191781,15.0727739726027
155,19.1,2,"prpt",1,395,6,62,38,"bi",4,-1.67803082191781,15.0727739726027
155,19.1,2,"prpt",1,1720,6,62,38,"bi",7,-1.67803082191781,15.0727739726027
155,19.1,2,"prpt",1,3274,6,62,38,"bi",9,-1.67803082191781,15.0727739726027
155,19.1,2,"inhb",1,4193,6,62,38,"bi",12,-1.67803082191781,15.0727739726027
155,19.1,2,"prpt",1,585,6,62,38,"bi",15,-1.67803082191781,15.0727739726027
155,19.1,2,"inhb",1,3953,6,62,38,"bi",16,-1.67803082191781,15.0727739726027
155,19.1,2,"prpt",1,1753,6,62,38,"bi",20,-1.67803082191781,15.0727739726027
155,19.1,2,"prpt",1,1983,6,62,38,"bi",23,-1.67803082191781,15.0727739726027
155,19.1,2,"prpt",1,1401,6,62,38,"bi",24,-1.67803082191781,15.0727739726027
155,19.1,2,"prpt",1,1471,6,62,38,"bi",26,-1.67803082191781,15.0727739726027
155,19.1,2,"prpt",1,3556,6,62,38,"bi",27,-1.67803082191781,15.0727739726027
155,19.1,2,"inhb",1,2230,6,62,38,"bi",28,-1.67803082191781,15.0727739726027
155,19.1,2,"prpt",1,477,6,62,38,"bi",29,-1.67803082191781,15.0727739726027
155,19.1,2,"prpt",1,325,6,62,38,"bi",30,-1.67803082191781,15.0727739726027
155,19.1,2,"prpt",1,2734,6,62,38,"bi",32,-1.67803082191781,15.0727739726027
156,17.96,1,NA,1,1850,6,57,43,"bi",1,-2.81803082191781,20.0727739726027
156,17.96,1,"prpt",1,3051,6,57,43,"bi",3,-2.81803082191781,20.0727739726027
156,17.96,1,"prpt",1,2123,6,57,43,"bi",4,-2.81803082191781,20.0727739726027
156,17.96,1,"prpt",1,3500,6,57,43,"bi",6,-2.81803082191781,20.0727739726027
156,17.96,1,"inhb",1,1699,6,57,43,"bi",7,-2.81803082191781,20.0727739726027
156,17.96,1,"prpt",1,2343,6,57,43,"bi",8,-2.81803082191781,20.0727739726027
156,17.96,1,"prpt",1,2349,6,57,43,"bi",9,-2.81803082191781,20.0727739726027
156,17.96,1,"prpt",1,1658,6,57,43,"bi",10,-2.81803082191781,20.0727739726027
156,17.96,1,"prpt",1,1002,6,57,43,"bi",12,-2.81803082191781,20.0727739726027
156,17.96,1,"inhb",1,2230,6,57,43,"bi",14,-2.81803082191781,20.0727739726027
156,17.96,1,"inhb",1,1719,6,57,43,"bi",17,-2.81803082191781,20.0727739726027
156,17.96,1,"prpt",1,4624,6,57,43,"bi",18,-2.81803082191781,20.0727739726027
156,17.96,1,"prpt",1,2824,6,57,43,"bi",19,-2.81803082191781,20.0727739726027
156,17.96,1,"prpt",1,3576,6,57,43,"bi",20,-2.81803082191781,20.0727739726027
156,17.96,1,"inhb",1,1567,6,57,43,"bi",21,-2.81803082191781,20.0727739726027
156,17.96,1,"inhb",1,1384,6,57,43,"bi",22,-2.81803082191781,20.0727739726027
156,17.96,1,"prpt",1,2486,6,57,43,"bi",28,-2.81803082191781,20.0727739726027
156,17.96,1,"prpt",1,1942,6,57,43,"bi",29,-2.81803082191781,20.0727739726027
156,17.96,1,"prpt",1,1535,6,57,43,"bi",30,-2.81803082191781,20.0727739726027
157,22.33,1,"prpt",1,3913,NA,95,5,"uni",1,1.55196917808219,-17.9272260273973
157,22.33,1,"prpt",1,1216,NA,95,5,"uni",2,1.55196917808219,-17.9272260273973
157,22.33,1,"prpt",1,1376,NA,95,5,"uni",5,1.55196917808219,-17.9272260273973
157,22.33,1,"prpt",1,1175,NA,95,5,"uni",6,1.55196917808219,-17.9272260273973
157,22.33,1,"prpt",1,1226,NA,95,5,"uni",8,1.55196917808219,-17.9272260273973
157,22.33,1,"prpt",1,3784,NA,95,5,"uni",11,1.55196917808219,-17.9272260273973
157,22.33,1,"prpt",1,2803,NA,95,5,"uni",12,1.55196917808219,-17.9272260273973
157,22.33,1,"inhb",1,3151,NA,95,5,"uni",13,1.55196917808219,-17.9272260273973
157,22.33,1,"inhb",1,1815,NA,95,5,"uni",14,1.55196917808219,-17.9272260273973
157,22.33,1,"inhb",1,1236,NA,95,5,"uni",16,1.55196917808219,-17.9272260273973
157,22.33,1,"prpt",1,1151,NA,95,5,"uni",17,1.55196917808219,-17.9272260273973
157,22.33,1,"prpt",1,4085,NA,95,5,"uni",20,1.55196917808219,-17.9272260273973
157,22.33,1,"inhb",1,935,NA,95,5,"uni",22,1.55196917808219,-17.9272260273973
157,22.33,1,"prpt",1,814,NA,95,5,"uni",25,1.55196917808219,-17.9272260273973
157,22.33,1,"inhb",1,985,NA,95,5,"uni",29,1.55196917808219,-17.9272260273973
157,22.33,1,"prpt",1,585,NA,95,5,"uni",32,1.55196917808219,-17.9272260273973
158,23.83,2,NA,1,2421,7,62,38,"bi",1,3.05196917808219,15.0727739726027
158,23.83,2,"prpt",1,2690,7,62,38,"bi",1,3.05196917808219,15.0727739726027
158,23.83,2,"prpt",1,1684,7,62,38,"bi",2,3.05196917808219,15.0727739726027
158,23.83,2,"prpt",1,2311,7,62,38,"bi",3,3.05196917808219,15.0727739726027
158,23.83,2,"prpt",1,1506,7,62,38,"bi",4,3.05196917808219,15.0727739726027
158,23.83,2,"prpt",1,1524,7,62,38,"bi",5,3.05196917808219,15.0727739726027
158,23.83,2,"inhb",1,1856,7,62,38,"bi",6,3.05196917808219,15.0727739726027
158,23.83,2,"prpt",1,1599,7,62,38,"bi",7,3.05196917808219,15.0727739726027
158,23.83,2,"inhb",1,1877,7,62,38,"bi",10,3.05196917808219,15.0727739726027
158,23.83,2,"prpt",1,1670,7,62,38,"bi",11,3.05196917808219,15.0727739726027
158,23.83,2,"prpt",1,2193,7,62,38,"bi",12,3.05196917808219,15.0727739726027
158,23.83,2,"inhb",1,1611,7,62,38,"bi",14,3.05196917808219,15.0727739726027
158,23.83,2,"prpt",1,1490,7,62,38,"bi",15,3.05196917808219,15.0727739726027
158,23.83,2,"prpt",1,492,7,62,38,"bi",16,3.05196917808219,15.0727739726027
158,23.83,2,"prpt",1,1470,7,62,38,"bi",18,3.05196917808219,15.0727739726027
158,23.83,2,"prpt",1,1335,7,62,38,"bi",19,3.05196917808219,15.0727739726027
158,23.83,2,"prpt",1,1569,7,62,38,"bi",21,3.05196917808219,15.0727739726027
158,23.83,2,"prpt",1,1447,7,62,38,"bi",23,3.05196917808219,15.0727739726027
158,23.83,2,"prpt",1,1183,7,62,38,"bi",24,3.05196917808219,15.0727739726027
158,23.83,2,"inhb",1,3381,7,62,38,"bi",25,3.05196917808219,15.0727739726027
158,23.83,2,"inhb",1,1350,7,62,38,"bi",26,3.05196917808219,15.0727739726027
158,23.83,2,"prpt",1,1739,7,62,38,"bi",27,3.05196917808219,15.0727739726027
158,23.83,2,"prpt",1,1111,7,62,38,"bi",28,3.05196917808219,15.0727739726027
158,23.83,2,"prpt",1,1367,7,62,38,"bi",30,3.05196917808219,15.0727739726027
158,23.83,2,"prpt",1,1235,7,62,38,"bi",32,3.05196917808219,15.0727739726027
160,23.33,2,NA,1,4004,7,50,50,"bi",1,2.55196917808219,27.0727739726027
160,23.33,2,"prpt",1,2049,7,50,50,"bi",1,2.55196917808219,27.0727739726027
160,23.33,2,"prpt",1,1183,7,50,50,"bi",2,2.55196917808219,27.0727739726027
160,23.33,2,"prpt",1,1283,7,50,50,"bi",3,2.55196917808219,27.0727739726027
160,23.33,2,"prpt",1,1784,7,50,50,"bi",4,2.55196917808219,27.0727739726027
160,23.33,2,"inhb",1,3543,7,50,50,"bi",5,2.55196917808219,27.0727739726027
160,23.33,2,"prpt",1,2059,7,50,50,"bi",10,2.55196917808219,27.0727739726027
160,23.33,2,"prpt",1,2931,7,50,50,"bi",11,2.55196917808219,27.0727739726027
160,23.33,2,"prpt",1,1676,7,50,50,"bi",12,2.55196917808219,27.0727739726027
160,23.33,2,"inhb",1,2633,7,50,50,"bi",13,2.55196917808219,27.0727739726027
160,23.33,2,"inhb",1,4468,7,50,50,"bi",15,2.55196917808219,27.0727739726027
160,23.33,2,"prpt",1,3452,7,50,50,"bi",16,2.55196917808219,27.0727739726027
160,23.33,2,"prpt",1,2628,7,50,50,"bi",17,2.55196917808219,27.0727739726027
160,23.33,2,"inhb",1,4487,7,50,50,"bi",18,2.55196917808219,27.0727739726027
160,23.33,2,"prpt",1,3078,7,50,50,"bi",20,2.55196917808219,27.0727739726027
160,23.33,2,"inhb",1,2431,7,50,50,"bi",21,2.55196917808219,27.0727739726027
160,23.33,2,"prpt",1,2682,7,50,50,"bi",22,2.55196917808219,27.0727739726027
160,23.33,2,"prpt",1,2231,7,50,50,"bi",24,2.55196917808219,27.0727739726027
160,23.33,2,"prpt",1,2210,7,50,50,"bi",26,2.55196917808219,27.0727739726027
160,23.33,2,"prpt",1,2552,7,50,50,"bi",28,2.55196917808219,27.0727739726027
160,23.33,2,"prpt",1,1199,7,50,50,"bi",30,2.55196917808219,27.0727739726027
160,23.33,2,"prpt",1,1907,7,50,50,"bi",31,2.55196917808219,27.0727739726027
160,23.33,2,"prpt",1,3594,7,50,50,"bi",32,2.55196917808219,27.0727739726027
161,17.8,2,NA,1,2880,6,86,14,"uni",1,-2.97803082191781,-8.92722602739726
161,17.8,2,"prpt",1,831,6,86,14,"uni",1,-2.97803082191781,-8.92722602739726
161,17.8,2,"prpt",1,1239,6,86,14,"uni",2,-2.97803082191781,-8.92722602739726
161,17.8,2,"prpt",1,1639,6,86,14,"uni",4,-2.97803082191781,-8.92722602739726
161,17.8,2,"prpt",1,1710,6,86,14,"uni",5,-2.97803082191781,-8.92722602739726
161,17.8,2,"prpt",1,1662,6,86,14,"uni",7,-2.97803082191781,-8.92722602739726
161,17.8,2,"prpt",1,1467,6,86,14,"uni",8,-2.97803082191781,-8.92722602739726
161,17.8,2,"prpt",1,2649,6,86,14,"uni",1,-2.97803082191781,-8.92722602739726
161,17.8,2,"prpt",1,2800,6,86,14,"uni",2,-2.97803082191781,-8.92722602739726
161,17.8,2,"prpt",1,1404,6,86,14,"uni",5,-2.97803082191781,-8.92722602739726
161,17.8,2,"prpt",1,333,6,86,14,"uni",6,-2.97803082191781,-8.92722602739726
161,17.8,2,"prpt",1,3643,6,86,14,"uni",8,-2.97803082191781,-8.92722602739726
161,17.8,2,"prpt",1,3285,6,86,14,"uni",13,-2.97803082191781,-8.92722602739726
161,17.8,2,"prpt",1,1102,6,86,14,"uni",14,-2.97803082191781,-8.92722602739726
161,17.8,2,"prpt",1,4290,6,86,14,"uni",15,-2.97803082191781,-8.92722602739726
161,17.8,2,"inhb",1,2953,6,86,14,"uni",16,-2.97803082191781,-8.92722602739726
161,17.8,2,"prpt",1,3271,6,86,14,"uni",19,-2.97803082191781,-8.92722602739726
161,17.8,2,"inhb",1,2539,6,86,14,"uni",23,-2.97803082191781,-8.92722602739726
162,18.43,2,NA,1,4780,5,50,50,"bi",1,-2.34803082191781,27.0727739726027
162,18.43,2,"prpt",1,1061,5,50,50,"bi",3,-2.34803082191781,27.0727739726027
162,18.43,2,"prpt",1,1344,5,50,50,"bi",4,-2.34803082191781,27.0727739726027
162,18.43,2,"prpt",1,3217,5,50,50,"bi",7,-2.34803082191781,27.0727739726027
162,18.43,2,"prpt",1,2097,5,50,50,"bi",8,-2.34803082191781,27.0727739726027
162,18.43,2,"prpt",1,1495,5,50,50,"bi",11,-2.34803082191781,27.0727739726027
162,18.43,2,"prpt",1,790,5,50,50,"bi",13,-2.34803082191781,27.0727739726027
162,18.43,2,"prpt",1,1484,5,50,50,"bi",14,-2.34803082191781,27.0727739726027
162,18.43,2,"inhb",1,1645,5,50,50,"bi",16,-2.34803082191781,27.0727739726027
162,18.43,2,"prpt",1,1059,5,50,50,"bi",18,-2.34803082191781,27.0727739726027
162,18.43,2,"prpt",1,1512,5,50,50,"bi",19,-2.34803082191781,27.0727739726027
162,18.43,2,"prpt",1,4756,5,50,50,"bi",20,-2.34803082191781,27.0727739726027
162,18.43,2,"prpt",1,4813,5,50,50,"bi",21,-2.34803082191781,27.0727739726027
162,18.43,2,"prpt",1,1419,5,50,50,"bi",23,-2.34803082191781,27.0727739726027
162,18.43,2,"prpt",1,2402,5,50,50,"bi",24,-2.34803082191781,27.0727739726027
162,18.43,2,"prpt",1,3416,5,50,50,"bi",25,-2.34803082191781,27.0727739726027
162,18.43,2,"prpt",1,3159,5,50,50,"bi",26,-2.34803082191781,27.0727739726027
162,18.43,2,"prpt",1,2052,5,50,50,"bi",27,-2.34803082191781,27.0727739726027
162,18.43,2,"inhb",1,2793,5,50,50,"bi",28,-2.34803082191781,27.0727739726027
162,18.43,2,"prpt",1,1715,5,50,50,"bi",29,-2.34803082191781,27.0727739726027
162,18.43,2,"inhb",1,2267,5,50,50,"bi",30,-2.34803082191781,27.0727739726027
162,18.43,2,"prpt",1,4214,5,50,50,"bi",32,-2.34803082191781,27.0727739726027
166,22.86,1,NA,1,4619,6,96,4,"uni",1,2.08196917808219,-18.9272260273973
166,22.86,1,"prpt",1,2557,6,96,4,"uni",1,2.08196917808219,-18.9272260273973
166,22.86,1,"prpt",1,1529,6,96,4,"uni",2,2.08196917808219,-18.9272260273973
166,22.86,1,"prpt",1,1670,6,96,4,"uni",3,2.08196917808219,-18.9272260273973
166,22.86,1,"inhb",1,3525,6,96,4,"uni",4,2.08196917808219,-18.9272260273973
166,22.86,1,"prpt",1,1301,6,96,4,"uni",5,2.08196917808219,-18.9272260273973
166,22.86,1,"inhb",1,1291,6,96,4,"uni",6,2.08196917808219,-18.9272260273973
166,22.86,1,"prpt",1,1357,6,96,4,"uni",7,2.08196917808219,-18.9272260273973
166,22.86,1,"inhb",1,1880,6,96,4,"uni",8,2.08196917808219,-18.9272260273973
166,22.86,1,"prpt",1,2794,6,96,4,"uni",9,2.08196917808219,-18.9272260273973
166,22.86,1,"prpt",1,1128,6,96,4,"uni",10,2.08196917808219,-18.9272260273973
166,22.86,1,"prpt",1,1125,6,96,4,"uni",11,2.08196917808219,-18.9272260273973
166,22.86,1,"inhb",1,3386,6,96,4,"uni",12,2.08196917808219,-18.9272260273973
166,22.86,1,"prpt",1,1231,6,96,4,"uni",13,2.08196917808219,-18.9272260273973
166,22.86,1,"prpt",1,1045,6,96,4,"uni",14,2.08196917808219,-18.9272260273973
166,22.86,1,"inhb",1,1603,6,96,4,"uni",15,2.08196917808219,-18.9272260273973
166,22.86,1,"prpt",1,1358,6,96,4,"uni",16,2.08196917808219,-18.9272260273973
166,22.86,1,"prpt",1,1030,6,96,4,"uni",17,2.08196917808219,-18.9272260273973
166,22.86,1,"prpt",1,1360,6,96,4,"uni",18,2.08196917808219,-18.9272260273973
166,22.86,1,"inhb",1,1822,6,96,4,"uni",19,2.08196917808219,-18.9272260273973
166,22.86,1,"prpt",1,1869,6,96,4,"uni",20,2.08196917808219,-18.9272260273973
166,22.86,1,"prpt",1,1839,6,96,4,"uni",21,2.08196917808219,-18.9272260273973
166,22.86,1,"prpt",1,2369,6,96,4,"uni",22,2.08196917808219,-18.9272260273973
166,22.86,1,"prpt",1,2533,6,96,4,"uni",23,2.08196917808219,-18.9272260273973
166,22.86,1,"prpt",1,1566,6,96,4,"uni",24,2.08196917808219,-18.9272260273973
166,22.86,1,"inhb",1,1565,6,96,4,"uni",25,2.08196917808219,-18.9272260273973
166,22.86,1,"prpt",1,1139,6,96,4,"uni",26,2.08196917808219,-18.9272260273973
166,22.86,1,"prpt",1,1144,6,96,4,"uni",27,2.08196917808219,-18.9272260273973
166,22.86,1,"prpt",1,1147,6,96,4,"uni",28,2.08196917808219,-18.9272260273973
166,22.86,1,"prpt",1,1113,6,96,4,"uni",29,2.08196917808219,-18.9272260273973
166,22.86,1,"prpt",1,910,6,96,4,"uni",30,2.08196917808219,-18.9272260273973
166,22.86,1,"inhb",1,1628,6,96,4,"uni",31,2.08196917808219,-18.9272260273973
166,22.86,1,"prpt",1,1154,6,96,4,"uni",32,2.08196917808219,-18.9272260273973
167,16.3,1,NA,1,4368,6,96,4,"uni",1,-4.47803082191781,-18.9272260273973
167,16.3,1,"prpt",1,4410,6,96,4,"uni",1,-4.47803082191781,-18.9272260273973
167,16.3,1,"prpt",1,2485,6,96,4,"uni",2,-4.47803082191781,-18.9272260273973
167,16.3,1,"prpt",1,1971,6,96,4,"uni",3,-4.47803082191781,-18.9272260273973
167,16.3,1,"prpt",1,1469,6,96,4,"uni",4,-4.47803082191781,-18.9272260273973
167,16.3,1,"inhb",1,4261,6,96,4,"uni",6,-4.47803082191781,-18.9272260273973
167,16.3,1,"prpt",1,2462,6,96,4,"uni",7,-4.47803082191781,-18.9272260273973
167,16.3,1,"prpt",1,2126,6,96,4,"uni",9,-4.47803082191781,-18.9272260273973
167,16.3,1,"prpt",1,4176,6,96,4,"uni",10,-4.47803082191781,-18.9272260273973
167,16.3,1,"prpt",1,1914,6,96,4,"uni",11,-4.47803082191781,-18.9272260273973
167,16.3,1,"prpt",1,1199,6,96,4,"uni",12,-4.47803082191781,-18.9272260273973
167,16.3,1,"prpt",1,2569,6,96,4,"uni",14,-4.47803082191781,-18.9272260273973
167,16.3,1,"prpt",1,1061,6,96,4,"uni",16,-4.47803082191781,-18.9272260273973
167,16.3,1,"prpt",1,1129,6,96,4,"uni",17,-4.47803082191781,-18.9272260273973
167,16.3,1,"prpt",1,1022,6,96,4,"uni",19,-4.47803082191781,-18.9272260273973
167,16.3,1,"prpt",1,2137,6,96,4,"uni",20,-4.47803082191781,-18.9272260273973
167,16.3,1,"prpt",1,4764,6,96,4,"uni",23,-4.47803082191781,-18.9272260273973
167,16.3,1,"prpt",1,4426,6,96,4,"uni",24,-4.47803082191781,-18.9272260273973
167,16.3,1,"prpt",1,1106,6,96,4,"uni",25,-4.47803082191781,-18.9272260273973
167,16.3,1,"prpt",1,3031,6,96,4,"uni",26,-4.47803082191781,-18.9272260273973
167,16.3,1,"prpt",1,1249,6,96,4,"uni",27,-4.47803082191781,-18.9272260273973
167,16.3,1,"prpt",1,1519,6,96,4,"uni",29,-4.47803082191781,-18.9272260273973
167,16.3,1,"prpt",1,2496,6,96,4,"uni",30,-4.47803082191781,-18.9272260273973
167,16.3,1,"prpt",1,712,6,96,4,"uni",31,-4.47803082191781,-18.9272260273973
167,16.3,1,"prpt",1,3833,6,96,4,"uni",32,-4.47803082191781,-18.9272260273973
168,16.6,2,NA,1,4614,7,77,23,"uni",1,-4.17803082191781,0.0727739726027394
168,16.6,2,"prpt",1,3207,7,77,23,"uni",1,-4.17803082191781,0.0727739726027394
168,16.6,2,"prpt",1,2442,7,77,23,"uni",2,-4.17803082191781,0.0727739726027394
168,16.6,2,"prpt",1,1316,7,77,23,"uni",3,-4.17803082191781,0.0727739726027394
168,16.6,2,"prpt",1,1644,7,77,23,"uni",4,-4.17803082191781,0.0727739726027394
168,16.6,2,"prpt",1,1650,7,77,23,"uni",5,-4.17803082191781,0.0727739726027394
168,16.6,2,"inhb",1,2477,7,77,23,"uni",6,-4.17803082191781,0.0727739726027394
168,16.6,2,"prpt",1,1378,7,77,23,"uni",7,-4.17803082191781,0.0727739726027394
168,16.6,2,"prpt",1,1721,7,77,23,"uni",9,-4.17803082191781,0.0727739726027394
168,16.6,2,"prpt",1,1341,7,77,23,"uni",11,-4.17803082191781,0.0727739726027394
168,16.6,2,"prpt",1,548,7,77,23,"uni",12,-4.17803082191781,0.0727739726027394
168,16.6,2,"prpt",1,361,7,77,23,"uni",13,-4.17803082191781,0.0727739726027394
168,16.6,2,"inhb",1,2174,7,77,23,"uni",17,-4.17803082191781,0.0727739726027394
168,16.6,2,"prpt",1,4555,7,77,23,"uni",18,-4.17803082191781,0.0727739726027394
168,16.6,2,"inhb",1,1645,7,77,23,"uni",19,-4.17803082191781,0.0727739726027394
168,16.6,2,"prpt",1,1416,7,77,23,"uni",20,-4.17803082191781,0.0727739726027394
168,16.6,2,"prpt",1,1363,7,77,23,"uni",21,-4.17803082191781,0.0727739726027394
168,16.6,2,"inhb",1,1463,7,77,23,"uni",22,-4.17803082191781,0.0727739726027394
168,16.6,2,"prpt",1,1388,7,77,23,"uni",24,-4.17803082191781,0.0727739726027394
168,16.6,2,"prpt",1,1512,7,77,23,"uni",25,-4.17803082191781,0.0727739726027394
168,16.6,2,"prpt",1,378,7,77,23,"uni",27,-4.17803082191781,0.0727739726027394
169,20.27,2,NA,1,1507,7,90,10,"uni",1,-0.50803082191781,-12.9272260273973
169,20.27,2,NA,1,624,7,90,10,"uni",1,-0.50803082191781,-12.9272260273973
169,20.27,2,"prpt",1,2266,7,90,10,"uni",1,-0.50803082191781,-12.9272260273973
169,20.27,2,"prpt",1,2724,7,90,10,"uni",2,-0.50803082191781,-12.9272260273973
169,20.27,2,"prpt",1,1412,7,90,10,"uni",3,-0.50803082191781,-12.9272260273973
169,20.27,2,"prpt",1,1431,7,90,10,"uni",4,-0.50803082191781,-12.9272260273973
169,20.27,2,"prpt",1,3260,7,90,10,"uni",7,-0.50803082191781,-12.9272260273973
169,20.27,2,"prpt",1,995,7,90,10,"uni",8,-0.50803082191781,-12.9272260273973
169,20.27,2,"prpt",1,989,7,90,10,"uni",9,-0.50803082191781,-12.9272260273973
169,20.27,2,"prpt",1,1281,7,90,10,"uni",10,-0.50803082191781,-12.9272260273973
169,20.27,2,"prpt",1,3315,7,90,10,"uni",11,-0.50803082191781,-12.9272260273973
169,20.27,2,"inhb",1,3136,7,90,10,"uni",12,-0.50803082191781,-12.9272260273973
169,20.27,2,"prpt",1,2760,7,90,10,"uni",13,-0.50803082191781,-12.9272260273973
169,20.27,2,"inhb",1,3022,7,90,10,"uni",14,-0.50803082191781,-12.9272260273973
169,20.27,2,"prpt",1,1248,7,90,10,"uni",16,-0.50803082191781,-12.9272260273973
169,20.27,2,"prpt",1,345,7,90,10,"uni",17,-0.50803082191781,-12.9272260273973
169,20.27,2,"prpt",1,995,7,90,10,"uni",18,-0.50803082191781,-12.9272260273973
169,20.27,2,"inhb",1,1457,7,90,10,"uni",19,-0.50803082191781,-12.9272260273973
169,20.27,2,"inhb",1,4036,7,90,10,"uni",20,-0.50803082191781,-12.9272260273973
169,20.27,2,"prpt",1,1950,7,90,10,"uni",21,-0.50803082191781,-12.9272260273973
169,20.27,2,"prpt",1,4132,7,90,10,"uni",22,-0.50803082191781,-12.9272260273973
169,20.27,2,"prpt",1,1133,7,90,10,"uni",23,-0.50803082191781,-12.9272260273973
169,20.27,2,"prpt",1,1262,7,90,10,"uni",24,-0.50803082191781,-12.9272260273973
169,20.27,2,"prpt",1,1000,7,90,10,"uni",25,-0.50803082191781,-12.9272260273973
169,20.27,2,"inhb",1,4250,7,90,10,"uni",26,-0.50803082191781,-12.9272260273973
169,20.27,2,"inhb",1,1250,7,90,10,"uni",27,-0.50803082191781,-12.9272260273973
169,20.27,2,"prpt",1,1058,7,90,10,"uni",28,-0.50803082191781,-12.9272260273973
169,20.27,2,"prpt",1,3356,7,90,10,"uni",29,-0.50803082191781,-12.9272260273973
169,20.27,2,"prpt",1,1615,7,90,10,"uni",30,-0.50803082191781,-12.9272260273973
169,20.27,2,"prpt",1,1892,7,90,10,"uni",32,-0.50803082191781,-12.9272260273973
170,23.43,1,NA,1,4675,4,100,0,"uni",1,2.65196917808219,-22.9272260273973
170,23.43,1,NA,1,1303,4,100,0,"uni",1,2.65196917808219,-22.9272260273973
170,23.43,1,"prpt",1,2444,4,100,0,"uni",1,2.65196917808219,-22.9272260273973
170,23.43,1,"prpt",1,1770,4,100,0,"uni",2,2.65196917808219,-22.9272260273973
170,23.43,1,"prpt",1,2341,4,100,0,"uni",3,2.65196917808219,-22.9272260273973
170,23.43,1,"prpt",1,3208,4,100,0,"uni",4,2.65196917808219,-22.9272260273973
170,23.43,1,"prpt",1,949,4,100,0,"uni",5,2.65196917808219,-22.9272260273973
170,23.43,1,"inhb",1,2017,4,100,0,"uni",7,2.65196917808219,-22.9272260273973
170,23.43,1,"prpt",1,2346,4,100,0,"uni",8,2.65196917808219,-22.9272260273973
170,23.43,1,"prpt",1,1193,4,100,0,"uni",9,2.65196917808219,-22.9272260273973
170,23.43,1,"prpt",1,3450,4,100,0,"uni",10,2.65196917808219,-22.9272260273973
170,23.43,1,"prpt",1,2206,4,100,0,"uni",11,2.65196917808219,-22.9272260273973
170,23.43,1,"prpt",1,1176,4,100,0,"uni",12,2.65196917808219,-22.9272260273973
170,23.43,1,"inhb",1,2467,4,100,0,"uni",13,2.65196917808219,-22.9272260273973
170,23.43,1,"prpt",1,1167,4,100,0,"uni",15,2.65196917808219,-22.9272260273973
170,23.43,1,"prpt",1,1615,4,100,0,"uni",17,2.65196917808219,-22.9272260273973
170,23.43,1,"prpt",1,1053,4,100,0,"uni",18,2.65196917808219,-22.9272260273973
170,23.43,1,"prpt",1,3380,4,100,0,"uni",20,2.65196917808219,-22.9272260273973
170,23.43,1,"prpt",1,810,4,100,0,"uni",21,2.65196917808219,-22.9272260273973
170,23.43,1,"prpt",1,2334,4,100,0,"uni",23,2.65196917808219,-22.9272260273973
170,23.43,1,"prpt",1,4079,4,100,0,"uni",26,2.65196917808219,-22.9272260273973
170,23.43,1,"inhb",1,1320,4,100,0,"uni",27,2.65196917808219,-22.9272260273973
170,23.43,1,"prpt",1,1611,4,100,0,"uni",28,2.65196917808219,-22.9272260273973
170,23.43,1,"inhb",1,1178,4,100,0,"uni",29,2.65196917808219,-22.9272260273973
170,23.43,1,"prpt",1,891,4,100,0,"uni",30,2.65196917808219,-22.9272260273973
170,23.43,1,"prpt",1,1506,4,100,0,"uni",31,2.65196917808219,-22.9272260273973
170,23.43,1,"inhb",1,1151,4,100,0,"uni",32,2.65196917808219,-22.9272260273973
171,18.3,1,NA,1,2086,6,93,7,"uni",1,-2.47803082191781,-15.9272260273973
171,18.3,1,"prpt",1,2446,6,93,7,"uni",1,-2.47803082191781,-15.9272260273973
171,18.3,1,"prpt",1,599,6,93,7,"uni",2,-2.47803082191781,-15.9272260273973
171,18.3,1,"prpt",1,961,6,93,7,"uni",3,-2.47803082191781,-15.9272260273973
171,18.3,1,"prpt",1,493,6,93,7,"uni",4,-2.47803082191781,-15.9272260273973
171,18.3,1,"prpt",1,1386,6,93,7,"uni",5,-2.47803082191781,-15.9272260273973
171,18.3,1,"inhb",1,3624,6,93,7,"uni",6,-2.47803082191781,-15.9272260273973
171,18.3,1,"prpt",1,1466,6,93,7,"uni",7,-2.47803082191781,-15.9272260273973
171,18.3,1,"prpt",1,1546,6,93,7,"uni",8,-2.47803082191781,-15.9272260273973
171,18.3,1,"prpt",1,1527,6,93,7,"uni",9,-2.47803082191781,-15.9272260273973
171,18.3,1,"inhb",1,1944,6,93,7,"uni",10,-2.47803082191781,-15.9272260273973
171,18.3,1,"prpt",1,1317,6,93,7,"uni",11,-2.47803082191781,-15.9272260273973
171,18.3,1,"prpt",1,1279,6,93,7,"uni",12,-2.47803082191781,-15.9272260273973
171,18.3,1,"prpt",1,1742,6,93,7,"uni",14,-2.47803082191781,-15.9272260273973
171,18.3,1,"prpt",1,1318,6,93,7,"uni",16,-2.47803082191781,-15.9272260273973
171,18.3,1,"prpt",1,1185,6,93,7,"uni",17,-2.47803082191781,-15.9272260273973
171,18.3,1,"prpt",1,1299,6,93,7,"uni",19,-2.47803082191781,-15.9272260273973
171,18.3,1,"inhb",1,1867,6,93,7,"uni",20,-2.47803082191781,-15.9272260273973
171,18.3,1,"inhb",1,1645,6,93,7,"uni",21,-2.47803082191781,-15.9272260273973
171,18.3,1,"prpt",1,1137,6,93,7,"uni",22,-2.47803082191781,-15.9272260273973
171,18.3,1,"prpt",1,1643,6,93,7,"uni",23,-2.47803082191781,-15.9272260273973
171,18.3,1,"prpt",1,1457,6,93,7,"uni",24,-2.47803082191781,-15.9272260273973
171,18.3,1,"prpt",1,1375,6,93,7,"uni",25,-2.47803082191781,-15.9272260273973
171,18.3,1,"prpt",1,1503,6,93,7,"uni",26,-2.47803082191781,-15.9272260273973
171,18.3,1,"inhb",1,1511,6,93,7,"uni",27,-2.47803082191781,-15.9272260273973
171,18.3,1,"prpt",1,444,6,93,7,"uni",29,-2.47803082191781,-15.9272260273973
171,18.3,1,"prpt",1,1167,6,93,7,"uni",30,-2.47803082191781,-15.9272260273973
171,18.3,1,"inhb",1,1298,6,93,7,"uni",31,-2.47803082191781,-15.9272260273973
171,18.3,1,"prpt",1,1314,6,93,7,"uni",32,-2.47803082191781,-15.9272260273973
172,20.9,1,"prpt",1,2051,7,96,4,"uni",2,0.121969178082189,-18.9272260273973
172,20.9,1,"prpt",1,642,7,96,4,"uni",3,0.121969178082189,-18.9272260273973
172,20.9,1,"prpt",1,1456,7,96,4,"uni",4,0.121969178082189,-18.9272260273973
172,20.9,1,"prpt",1,1582,7,96,4,"uni",5,0.121969178082189,-18.9272260273973
172,20.9,1,"prpt",1,739,7,96,4,"uni",9,0.121969178082189,-18.9272260273973
172,20.9,1,"prpt",1,1442,7,96,4,"uni",11,0.121969178082189,-18.9272260273973
172,20.9,1,"prpt",1,3405,7,96,4,"uni",16,0.121969178082189,-18.9272260273973
172,20.9,1,"prpt",1,1171,7,96,4,"uni",17,0.121969178082189,-18.9272260273973
172,20.9,1,"prpt",1,957,7,96,4,"uni",18,0.121969178082189,-18.9272260273973
172,20.9,1,"prpt",1,1819,7,96,4,"uni",23,0.121969178082189,-18.9272260273973
172,20.9,1,"prpt",1,3300,7,96,4,"uni",24,0.121969178082189,-18.9272260273973
172,20.9,1,"prpt",1,359,7,96,4,"uni",29,0.121969178082189,-18.9272260273973
172,20.9,1,"prpt",1,1860,7,96,4,"uni",30,0.121969178082189,-18.9272260273973
172,20.9,1,"inhb",1,1837,7,96,4,"uni",32,0.121969178082189,-18.9272260273973
173,19.8,1,"prpt",1,4638,7,89,11,"uni",2,-0.978030821917809,-11.9272260273973
173,19.8,1,"prpt",1,3083,7,89,11,"uni",3,-0.978030821917809,-11.9272260273973
173,19.8,1,"prpt",1,2688,7,89,11,"uni",4,-0.978030821917809,-11.9272260273973
173,19.8,1,"inhb",1,1833,7,89,11,"uni",6,-0.978030821917809,-11.9272260273973
173,19.8,1,"prpt",1,1243,7,89,11,"uni",7,-0.978030821917809,-11.9272260273973
173,19.8,1,"prpt",1,3128,7,89,11,"uni",9,-0.978030821917809,-11.9272260273973
173,19.8,1,"prpt",1,4783,7,89,11,"uni",10,-0.978030821917809,-11.9272260273973
173,19.8,1,"prpt",1,3811,7,89,11,"uni",11,-0.978030821917809,-11.9272260273973
173,19.8,1,"prpt",1,3775,7,89,11,"uni",13,-0.978030821917809,-11.9272260273973
173,19.8,1,"prpt",1,3318,7,89,11,"uni",14,-0.978030821917809,-11.9272260273973
173,19.8,1,"inhb",1,3327,7,89,11,"uni",16,-0.978030821917809,-11.9272260273973
173,19.8,1,"prpt",1,3160,7,89,11,"uni",17,-0.978030821917809,-11.9272260273973
173,19.8,1,"prpt",1,1033,7,89,11,"uni",18,-0.978030821917809,-11.9272260273973
173,19.8,1,"prpt",1,3687,7,89,11,"uni",19,-0.978030821917809,-11.9272260273973
173,19.8,1,"prpt",1,4635,7,89,11,"uni",20,-0.978030821917809,-11.9272260273973
173,19.8,1,"prpt",1,1126,7,89,11,"uni",23,-0.978030821917809,-11.9272260273973
173,19.8,1,"prpt",1,1009,7,89,11,"uni",24,-0.978030821917809,-11.9272260273973
173,19.8,1,"inhb",1,1362,7,89,11,"uni",25,-0.978030821917809,-11.9272260273973
173,19.8,1,"inhb",1,1075,7,89,11,"uni",26,-0.978030821917809,-11.9272260273973
173,19.8,1,"prpt",1,2683,7,89,11,"uni",27,-0.978030821917809,-11.9272260273973
173,19.8,1,"prpt",1,2366,7,89,11,"uni",28,-0.978030821917809,-11.9272260273973
173,19.8,1,"prpt",1,1218,7,89,11,"uni",30,-0.978030821917809,-11.9272260273973
173,19.8,1,"inhb",1,1859,7,89,11,"uni",32,-0.978030821917809,-11.9272260273973
175,17.17,2,NA,1,3144,7,62,38,"bi",1,-3.60803082191781,15.0727739726027
175,17.17,2,"prpt",1,3563,7,62,38,"bi",1,-3.60803082191781,15.0727739726027
175,17.17,2,"prpt",1,1936,7,62,38,"bi",2,-3.60803082191781,15.0727739726027
175,17.17,2,"prpt",1,1743,7,62,38,"bi",3,-3.60803082191781,15.0727739726027
175,17.17,2,"prpt",1,1565,7,62,38,"bi",5,-3.60803082191781,15.0727739726027
175,17.17,2,"prpt",1,1391,7,62,38,"bi",7,-3.60803082191781,15.0727739726027
175,17.17,2,"prpt",1,2140,7,62,38,"bi",8,-3.60803082191781,15.0727739726027
175,17.17,2,"prpt",1,819,7,62,38,"bi",9,-3.60803082191781,15.0727739726027
175,17.17,2,"prpt",1,1410,7,62,38,"bi",10,-3.60803082191781,15.0727739726027
175,17.17,2,"prpt",1,1702,7,62,38,"bi",11,-3.60803082191781,15.0727739726027
175,17.17,2,"inhb",1,2370,7,62,38,"bi",14,-3.60803082191781,15.0727739726027
175,17.17,2,"prpt",1,1489,7,62,38,"bi",15,-3.60803082191781,15.0727739726027
175,17.17,2,"prpt",1,1328,7,62,38,"bi",20,-3.60803082191781,15.0727739726027
175,17.17,2,"prpt",1,1117,7,62,38,"bi",21,-3.60803082191781,15.0727739726027
175,17.17,2,"prpt",1,1061,7,62,38,"bi",22,-3.60803082191781,15.0727739726027
175,17.17,2,"prpt",1,1233,7,62,38,"bi",23,-3.60803082191781,15.0727739726027
175,17.17,2,"prpt",1,1687,7,62,38,"bi",24,-3.60803082191781,15.0727739726027
175,17.17,2,"prpt",1,1000,7,62,38,"bi",28,-3.60803082191781,15.0727739726027
175,17.17,2,"prpt",1,1016,7,62,38,"bi",30,-3.60803082191781,15.0727739726027
175,17.17,2,"prpt",1,919,7,62,38,"bi",31,-3.60803082191781,15.0727739726027
175,17.17,2,"prpt",1,1284,7,62,38,"bi",32,-3.60803082191781,15.0727739726027
176,17.3,1,"prpt",1,3103,7,80,20,"uni",1,-3.47803082191781,-2.92722602739726
176,17.3,1,"prpt",1,4249,7,80,20,"uni",2,-3.47803082191781,-2.92722602739726
176,17.3,1,"prpt",1,1592,7,80,20,"uni",3,-3.47803082191781,-2.92722602739726
176,17.3,1,"prpt",1,1659,7,80,20,"uni",4,-3.47803082191781,-2.92722602739726
176,17.3,1,"prpt",1,654,7,80,20,"uni",7,-3.47803082191781,-2.92722602739726
176,17.3,1,"prpt",1,1136,7,80,20,"uni",10,-3.47803082191781,-2.92722602739726
176,17.3,1,"prpt",1,568,7,80,20,"uni",11,-3.47803082191781,-2.92722602739726
176,17.3,1,"prpt",1,2431,7,80,20,"uni",19,-3.47803082191781,-2.92722602739726
176,17.3,1,"prpt",1,1284,7,80,20,"uni",21,-3.47803082191781,-2.92722602739726
176,17.3,1,"inhb",1,1698,7,80,20,"uni",23,-3.47803082191781,-2.92722602739726
176,17.3,1,"prpt",1,2615,7,80,20,"uni",24,-3.47803082191781,-2.92722602739726
176,17.3,1,"inhb",1,2169,7,80,20,"uni",25,-3.47803082191781,-2.92722602739726
176,17.3,1,"prpt",1,1784,7,80,20,"uni",31,-3.47803082191781,-2.92722602739726
176,17.3,1,"prpt",1,1424,7,80,20,"uni",32,-3.47803082191781,-2.92722602739726
179,17,2,"prpt",1,1248,7,77,23,"uni",2,-3.77803082191781,0.0727739726027394
179,17,2,"prpt",1,1519,7,77,23,"uni",4,-3.77803082191781,0.0727739726027394
179,17,2,"prpt",1,1292,7,77,23,"uni",5,-3.77803082191781,0.0727739726027394
179,17,2,"prpt",1,2290,7,77,23,"uni",7,-3.77803082191781,0.0727739726027394
179,17,2,"prpt",1,1254,7,77,23,"uni",8,-3.77803082191781,0.0727739726027394
179,17,2,"prpt",1,3408,7,77,23,"uni",9,-3.77803082191781,0.0727739726027394
179,17,2,"prpt",1,1772,7,77,23,"uni",10,-3.77803082191781,0.0727739726027394
179,17,2,"prpt",1,3354,7,77,23,"uni",11,-3.77803082191781,0.0727739726027394
179,17,2,"inhb",1,1900,7,77,23,"uni",12,-3.77803082191781,0.0727739726027394
179,17,2,"prpt",1,1549,7,77,23,"uni",13,-3.77803082191781,0.0727739726027394
179,17,2,"prpt",1,1335,7,77,23,"uni",20,-3.77803082191781,0.0727739726027394
179,17,2,"prpt",1,906,7,77,23,"uni",21,-3.77803082191781,0.0727739726027394
179,17,2,"prpt",1,1790,7,77,23,"uni",26,-3.77803082191781,0.0727739726027394
179,17,2,"prpt",1,421,7,77,23,"uni",31,-3.77803082191781,0.0727739726027394
